timestamp,price,volume
2024-11-05 12:00:00,0.5007024598918112,183.30113513507695
2024-11-05 12:00:01,0.5005069246419028,110.44881728507568
2024-11-05 12:00:02,0.5014228945566784,1011.7841147041304
2024-11-05 12:00:03,0.5035767840355098,1225.7949395115995
2024-11-05 12:00:04,0.5032456411573006,32.09574673603211
2024-11-05 12:00:05,0.5029145214973303,2752.194054448909
2024-11-05 12:00:06,0.5051478656788942,53.370485679008034
2024-11-05 12:00:07,0.5062331822810985,779.350888095622
2024-11-05 12:00:08,0.5055692452373225,1234.640004061239
2024-11-05 12:00:09,0.5063365410093634,2047.703552454761
2024-11-05 12:00:10,0.5056811694231444,1252.0674728720262
2024-11-05 12:00:11,0.5050225280892447,1618.115872596726
2024-11-05 12:00:12,0.505364714415276,414.6827491464336
2024-11-05 12:00:13,0.5026589275446605,1686.4545693479233
2024-11-05 12:00:14,0.5002195253519413,83.50644975816266
2024-11-05 12:00:15,0.49942433070213543,2252.050318785216
2024-11-05 12:00:16,0.497991971195365,793.1716828789295
2024-11-05 12:00:17,0.49843638403506074,1699.8976096655188
2024-11-05 12:00:18,0.49715224407249736,602.0609719350464
2024-11-05 12:00:19,0.4951549450238793,1031.6390017200888
2024-11-05 12:00:20,0.4972276853905636,747.3978139587696
2024-11-05 12:00:21,0.4969083894843531,1315.2378349869207
2024-11-05 12:00:22,0.4970038887872655,85.15489988895617
2024-11-05 12:00:23,0.4949889905793559,62.25003131901508
2024-11-05 12:00:24,0.4942191171472108,283.8271575399164
2024-11-05 12:00:25,0.494375985377952,173.81148651515005
2024-11-05 12:00:26,0.4927482346505571,2054.035557002398
2024-11-05 12:00:27,0.49327955188345823,247.45415818055395
2024-11-05 12:00:28,0.49243012050208906,3724.102809434093
2024-11-05 12:00:29,0.49201760324507193,410.8231243314293
2024-11-05 12:00:30,0.49116666159348754,201.03710397885288
2024-11-05 12:00:31,0.4937861785233079,1559.2130975943473
2024-11-05 12:00:32,0.49376709056502915,1075.0162053415186
2024-11-05 12:00:33,0.49227126142422944,689.5451087234338
2024-11-05 12:00:34,0.4934345155945868,810.4982991156206
2024-11-05 12:00:35,0.4917079819472607,1270.1189397289663
2024-11-05 12:00:36,0.4920033596760024,259.35994568670674
2024-11-05 12:00:37,0.48923196760903426,5608.6312320477045
2024-11-05 12:00:38,0.48735362888532735,3680.639977890095
2024-11-05 12:00:39,0.487632032714999,1050.7530901325567
2024-11-05 12:00:40,0.4886763821677878,222.57177846889334
2024-11-05 12:00:41,0.4889187335152072,1140.1477952753687
2024-11-05 12:00:42,0.4887551821457886,74.93737183429329
2024-11-05 12:00:43,0.48832935721580556,31.13211652361948
2024-11-05 12:00:44,0.4862384113647611,297.97875313889654
2024-11-05 12:00:45,0.4852203979224536,621.0553018734389
2024-11-05 12:00:46,0.48456895632520736,2027.0199251908405
2024-11-05 12:00:47,0.4860639529146122,1298.9029788178889
2024-11-05 12:00:48,0.48654990255999936,1357.5379047493218
2024-11-05 12:00:49,0.48405658726127704,554.2435794074139
2024-11-05 12:00:50,0.4845149112061429,424.5485326894826
2024-11-05 12:00:51,0.4839703226225485,463.68565054729703
2024-11-05 12:00:52,0.48301301034904714,4394.063891516505
2024-11-05 12:00:53,0.48387805125250793,40.93574204392867
2024-11-05 12:00:54,0.48533610476002187,2017.6429917557389
2024-11-05 12:00:55,0.4866531337348444,864.3517413526624
2024-11-05 12:00:56,0.48546630093172183,577.3490810346595
2024-11-05 12:00:57,0.48502900859613945,1291.9215674888706
2024-11-05 12:00:58,0.4854974858335486,666.8343035992141
2024-11-05 12:00:59,0.48687711498303204,2066.906341267767
2024-11-05 12:01:00,0.4861994602771314,2309.6284796203745
2024-11-05 12:01:01,0.48593689883435714,547.6987013540248
2024-11-05 12:01:02,0.48437230490959016,324.1079070851419
2024-11-05 12:01:03,0.4826806132784147,897.3471219409092
2024-11-05 12:01:04,0.48382969831622297,2434.555939523599
2024-11-05 12:01:05,0.48574771135846107,236.56089895002455
2024-11-05 12:01:06,0.485645873667894,975.4214576995755
2024-11-05 12:01:07,0.48706508350238054,998.4780002255435
2024-11-05 12:01:08,0.48757651407364555,1320.9300151268556
2024-11-05 12:01:09,0.4866641769673282,141.06562970266043
2024-11-05 12:01:10,0.48717526753402024,1258.16490912711
2024-11-05 12:01:11,0.48935037970574213,2397.253206289245
2024-11-05 12:01:12,0.4892997140353468,198.06456078014457
2024-11-05 12:01:13,0.49151245431367996,271.20959168716195
2024-11-05 12:01:14,0.4878075752575157,3554.1770388615114
2024-11-05 12:01:15,0.48896992092615155,199.6430547551579
2024-11-05 12:01:16,0.4890930240706188,1926.789767756658
2024-11-05 12:01:17,0.48867016382034073,677.8209425535491
2024-11-05 12:01:18,0.48879993315501113,283.9969699943705
2024-11-05 12:01:19,0.4859890862398314,2046.0060017448488
2024-11-05 12:01:20,0.48567842327677946,589.3373255599557
2024-11-05 12:01:21,0.4861834567187053,723.2298691011181
2024-11-05 12:01:22,0.4882735145205292,445.0899591778079
2024-11-05 12:01:23,0.4875405697488725,898.8213426850785
2024-11-05 12:01:24,0.48639718713056906,178.55729761763138
2024-11-05 12:01:25,0.4856875955145156,496.07090636347357
2024-11-05 12:01:26,0.48698216960439494,3487.158041821144
2024-11-05 12:01:27,0.4874470938823209,298.5858804240062
2024-11-05 12:01:28,0.486697899817348,1069.2573845171028
2024-11-05 12:01:29,0.4874237695823813,393.32420438892706
2024-11-05 12:01:30,0.48756105796927124,1484.891690707165
2024-11-05 12:01:31,0.4889309288520076,140.26677961013675
2024-11-05 12:01:32,0.48793807584514026,3500.6104544244
2024-11-05 12:01:33,0.48747469159354545,604.7509221647379
2024-11-05 12:01:34,0.48692016692546886,269.2535434977202
2024-11-05 12:01:35,0.4848504442370847,76.33772255593708
2024-11-05 12:01:36,0.4852692215490031,186.03794010459393
2024-11-05 12:01:37,0.4856384094554489,733.4983454295815
2024-11-05 12:01:38,0.48564564097518326,410.9850798051666
2024-11-05 12:01:39,0.4853138846696059,1765.4098841221576
2024-11-05 12:01:40,0.48331224817041213,563.6771906855924
2024-11-05 12:01:41,0.4827173658500086,285.969236975851
2024-11-05 12:01:42,0.48223269433271426,960.0989165734678
2024-11-05 12:01:43,0.48109810293779737,1226.822606959345
2024-11-05 12:01:44,0.48087001049694234,182.7719476858468
2024-11-05 12:01:45,0.4814414246985379,183.4652701307607
2024-11-05 12:01:46,0.48410889438118676,37.360728009482735
2024-11-05 12:01:47,0.484355784691783,1333.330120789834
2024-11-05 12:01:48,0.4847200159473376,1090.062525147099
2024-11-05 12:01:49,0.4846147335235978,643.6541696352928
2024-11-05 12:01:50,0.48190118124783077,1858.99249067615
2024-11-05 12:01:51,0.4818636849655794,1638.1983211693514
2024-11-05 12:01:52,0.4819488633453426,880.3310136359216
2024-11-05 12:01:53,0.4854324137482279,2027.0106265290026
2024-11-05 12:01:54,0.4851603742629632,230.47185037057355
2024-11-05 12:01:55,0.485586826604189,118.69302139028458
2024-11-05 12:01:56,0.4855377367486979,314.36780572810795
2024-11-05 12:01:57,0.4838849764178487,58.78110672996271
2024-11-05 12:01:58,0.48550117194152526,757.5140428339439
2024-11-05 12:01:59,0.48656456583434726,2758.3812054019663
2024-11-05 12:02:00,0.4876832539421259,40.13841640938223
2024-11-05 12:02:01,0.4863971858701032,130.23387998311676
2024-11-05 12:02:02,0.4883810366098489,601.8432483019309
2024-11-05 12:02:03,0.4863985198244209,2716.2086538759945
2024-11-05 12:02:04,0.4872284610856481,380.025611056787
2024-11-05 12:02:05,0.490326233139445,707.7225037713451
2024-11-05 12:02:06,0.488925403234422,42.4617330010517
2024-11-05 12:02:07,0.48812453730487665,160.57165133641894
2024-11-05 12:02:08,0.4882654656168926,4314.751084533379
2024-11-05 12:02:09,0.4875534435185168,3355.804307819909
2024-11-05 12:02:10,0.4853604742636271,4.952222973827616
2024-11-05 12:02:11,0.4854574369524744,3032.6407986788154
2024-11-05 12:02:12,0.48395511263316365,1019.2096135685009
2024-11-05 12:02:13,0.48462487347160516,2024.3345669765108
2024-11-05 12:02:14,0.4833246112499772,606.4922690920095
2024-11-05 12:02:15,0.4855165495063417,724.8360686977711
2024-11-05 12:02:16,0.4844088620775464,671.08549950886
2024-11-05 12:02:17,0.4839533983134099,1099.2052370655833
2024-11-05 12:02:18,0.48510388539543814,150.4174542094572
2024-11-05 12:02:19,0.48336318038569615,30.43198091997127
2024-11-05 12:02:20,0.4836848573101098,368.0680880137809
2024-11-05 12:02:21,0.48553343632117374,1219.6983475408394
2024-11-05 12:02:22,0.48326011172956984,225.46305443661035
2024-11-05 12:02:23,0.48352122343637954,1119.1184093319791
2024-11-05 12:02:24,0.48388875320863306,3503.6303902292098
2024-11-05 12:02:25,0.48499441771727403,98.60639372178696
2024-11-05 12:02:26,0.4832451052459632,1116.5790839045362
2024-11-05 12:02:27,0.48137769759521415,586.5378397571735
2024-11-05 12:02:28,0.4821158344360758,2026.0316221935163
2024-11-05 12:02:29,0.48253583418877916,194.9810990586438
2024-11-05 12:02:30,0.48289008457501575,1179.6898763803538
2024-11-05 12:02:31,0.48338003633154625,1820.8708615976457
2024-11-05 12:02:32,0.482418336147541,2893.4323873802728
2024-11-05 12:02:33,0.48274679247597735,1149.636234984622
2024-11-05 12:02:34,0.4831612595424746,687.5126126115396
2024-11-05 12:02:35,0.48215101407880123,961.9348555509415
2024-11-05 12:02:36,0.4847896176967922,2031.8329093679113
2024-11-05 12:02:37,0.4854597186398445,845.3890920690058
2024-11-05 12:02:38,0.48377496107719803,30.858317733905196
2024-11-05 12:02:39,0.48470346809495296,2672.9055072991728
2024-11-05 12:02:40,0.48332506005792103,1169.6575360111503
2024-11-05 12:02:41,0.4844381657792687,1128.597543879489
2024-11-05 12:02:42,0.48607666736040644,242.93199801802396
2024-11-05 12:02:43,0.48491604729539367,1075.5369936680888
2024-11-05 12:02:44,0.4862784668830375,500.6515648958588
2024-11-05 12:02:45,0.4868622272682,1053.3511356872366
2024-11-05 12:02:46,0.4880247958955508,112.71306878269604
2024-11-05 12:02:47,0.49070726625663413,1072.4923184658567
2024-11-05 12:02:48,0.4903602350549377,7441.7229097044055
2024-11-05 12:02:49,0.48929429114885226,49.41299889430069
2024-11-05 12:02:50,0.4880363277785493,3779.8631125622287
2024-11-05 12:02:51,0.4868825978092277,522.4056824545972
2024-11-05 12:02:52,0.48677355952609214,2046.0334610157531
2024-11-05 12:02:53,0.48725602127570816,1525.0300569342926
2024-11-05 12:02:54,0.48764732115670456,837.0551059265524
2024-11-05 12:02:55,0.4888171349260591,1341.1267858526585
2024-11-05 12:02:56,0.48883552237788935,2107.96910095834
2024-11-05 12:02:57,0.4908911299831767,517.7500786487027
2024-11-05 12:02:58,0.4905168487002369,396.05922479100644
2024-11-05 12:02:59,0.49436374882757705,1101.396317172307
2024-11-05 12:03:00,0.49524857607632033,1649.4578429710734
2024-11-05 12:03:01,0.49403637223494584,1436.683368820512
2024-11-05 12:03:02,0.4925219015403442,1598.5654764477754
2024-11-05 12:03:03,0.49320422057345203,571.9624967418865
2024-11-05 12:03:04,0.4928881964717585,1702.8381063858633
2024-11-05 12:03:05,0.49389794565404466,128.07096265357146
2024-11-05 12:03:06,0.4945672047209418,786.3356283442829
2024-11-05 12:03:07,0.49446420908492955,5.775305516253854
2024-11-05 12:03:08,0.4932666619243049,392.42919094318785
2024-11-05 12:03:09,0.49112434443423086,456.43456262918613
2024-11-05 12:03:10,0.4904928769332153,504.4670351886674
2024-11-05 12:03:11,0.49170400772294753,1188.9765020311443
2024-11-05 12:03:12,0.4920067819995157,491.93534271140646
2024-11-05 12:03:13,0.4902450413234871,595.4645855639285
2024-11-05 12:03:14,0.4904899561375702,271.2106487319779
2024-11-05 12:03:15,0.4910348772018008,467.2104005506762
2024-11-05 12:03:16,0.4897849140283208,257.82509753304885
2024-11-05 12:03:17,0.49000231415802625,76.01308825538722
2024-11-05 12:03:18,0.4900846337171009,924.9495953184562
2024-11-05 12:03:19,0.4884682296205192,1103.261475071069
2024-11-05 12:03:20,0.5035778736034828,966.2437301484182
2024-11-05 12:03:21,0.527509162828529,622.6776150169474
2024-11-05 12:03:22,0.5787077267061204,477.69034477989993
2024-11-05 12:03:23,0.6369866012657489,1990.2127218947548
2024-11-05 12:03:24,0.6708213421504453,732.0580548015936
2024-11-05 12:03:25,0.7211726797219593,652.3543915152494
2024-11-05 12:03:26,0.7612070760463997,25.976553942014473
2024-11-05 12:03:27,0.7628895776813623,417.40788141079764
2024-11-05 12:03:28,0.7425584607488983,478.3513648988052
2024-11-05 12:03:29,0.7396442198575892,508.8655141979992
2024-11-05 12:03:30,0.6633768019829795,867.9110548652707
2024-11-05 12:03:31,0.6278788209116098,762.7171043528689
2024-11-05 12:03:32,0.5953758213910774,936.2513582748197
2024-11-05 12:03:33,0.5774238983094772,1447.673128786881
2024-11-05 12:03:34,0.570224027084292,1676.570401485165
2024-11-05 12:03:35,0.5987787124690145,1266.2847438313909
2024-11-05 12:03:36,0.6116363824137113,3112.798725004205
2024-11-05 12:03:37,0.6488908170590711,18.400844582700028
2024-11-05 12:03:38,0.6752091145431504,217.87991071251295
2024-11-05 12:03:39,0.7010182914569933,7.591618531415689
2024-11-05 12:03:40,0.7314958599971807,1042.6329264077517
2024-11-05 12:03:41,0.6852492323394754,2283.082010066477
2024-11-05 12:03:42,0.6957972313743949,279.0293442777735
2024-11-05 12:03:43,0.6512433721348505,2617.769166223719
2024-11-05 12:03:44,0.6394752495467274,62.15990193872064
2024-11-05 12:03:45,0.6351473487240693,2724.728923000118
2024-11-05 12:03:46,0.6119650740299151,433.2824793065384
2024-11-05 12:03:47,0.5966157862283474,106.94046139193686
2024-11-05 12:03:48,0.6053152795022007,665.2825488994116
2024-11-05 12:03:49,0.6315122600141658,296.7585630781719
2024-11-05 12:03:50,0.6337079340631016,335.294992591662
2024-11-05 12:03:51,0.6598489759111061,367.1437871612786
2024-11-05 12:03:52,0.671770003058295,1624.6830199654235
2024-11-05 12:03:53,0.6728870437751056,774.7071381382605
2024-11-05 12:03:54,0.7022395271504447,372.9606957534525
2024-11-05 12:03:55,0.6821555874221717,942.4647609545124
2024-11-05 12:03:56,0.645780052324052,1259.3117246481013
2024-11-05 12:03:57,0.6557242741797173,318.31174220804604
2024-11-05 12:03:58,0.6353679397358762,533.6663339591021
2024-11-05 12:03:59,0.6413195624053156,129.97895952140053
2024-11-05 12:04:00,0.6199912140081135,199.8535677221387
2024-11-05 12:04:01,0.6268098263775757,1142.9336926261701
2024-11-05 12:04:02,0.6375218604166226,200.20656148364725
2024-11-05 12:04:03,0.6488035875648163,744.7844997321
2024-11-05 12:04:04,0.6371367036673492,1234.5909994396854
2024-11-05 12:04:05,0.6541636673149631,113.03088352047043
2024-11-05 12:04:06,0.6588591030018166,837.7388725681468
2024-11-05 12:04:07,0.6598685985766076,296.4709600924841
2024-11-05 12:04:08,0.6832697004146661,3294.862971807926
2024-11-05 12:04:09,0.6657761950323741,660.7683713268071
2024-11-05 12:04:10,0.6431923758230378,1639.8587174353593
2024-11-05 12:04:11,0.6584028939831826,799.0112499936112
2024-11-05 12:04:12,0.6646110519360947,44.38304927986612
2024-11-05 12:04:13,0.6497407940878185,1002.8059835743524
2024-11-05 12:04:14,0.6227522023864488,3024.2005201247325
2024-11-05 12:04:15,0.6342126025720065,920.3284227538245
2024-11-05 12:04:16,0.6549578375591142,1710.302214707729
2024-11-05 12:04:17,0.6397248094958531,2155.946530154033
2024-11-05 12:04:18,0.6560010904579954,258.8740658365002
2024-11-05 12:04:19,0.6633299429107034,238.31409418015576
2024-11-05 12:04:20,0.6488434091576902,944.1270647095304
2024-11-05 12:04:21,0.6581738055273537,529.3774323335773
2024-11-05 12:04:22,0.6251730959188999,1831.7149821689238
2024-11-05 12:04:23,0.6447228476462609,2302.8163537128557
2024-11-05 12:04:24,0.6490458743877068,436.0604784235147
2024-11-05 12:04:25,0.6356810925356805,270.32761460844307
2024-11-05 12:04:26,0.661747717265393,1516.5192957924487
2024-11-05 12:04:27,0.6295596175046101,321.3161227341658
2024-11-05 12:04:28,0.6392839352876347,1729.428925519035
2024-11-05 12:04:29,0.6461137552922139,551.1933007554102
2024-11-05 12:04:30,0.6612963361790412,1101.2655032053701
2024-11-05 12:04:31,0.6350506496332042,100.41201729112579
2024-11-05 12:04:32,0.6634620842791495,977.7920690653742
2024-11-05 12:04:33,0.6537669244741684,601.056137962785
2024-11-05 12:04:34,0.6447762247183317,883.3601040666048
2024-11-05 12:04:35,0.659124040787693,183.93991492315791
2024-11-05 12:04:36,0.655498431578479,1335.1213047485326
2024-11-05 12:04:37,0.6458863868771592,1986.2942632118777
2024-11-05 12:04:38,0.6507275938163957,244.29032668853938
2024-11-05 12:04:39,0.644476679441212,100.61021126280097
2024-11-05 12:04:40,0.6482555830882039,23.922459931573993
2024-11-05 12:04:41,0.6532247501570514,1027.1426880495874
2024-11-05 12:04:42,0.6626825522111726,934.184973323918
2024-11-05 12:04:43,0.6352891924138669,791.1954133835657
2024-11-05 12:04:44,0.6702413832268249,263.8966629412888
2024-11-05 12:04:45,0.6307445325165695,495.7826650652052
2024-11-05 12:04:46,0.6499276266068665,902.576047539322
2024-11-05 12:04:47,0.6581102023744251,686.7017149919159
2024-11-05 12:04:48,0.6552966484989547,4405.133163381326
2024-11-05 12:04:49,0.6459912110187876,146.69161261532733
2024-11-05 12:04:50,0.649441733536945,1187.9175624204636
2024-11-05 12:04:51,0.6456501279620522,518.0496008103994
2024-11-05 12:04:52,0.643709625993994,558.9653256517157
2024-11-05 12:04:53,0.6572898463630087,1264.4228614190529
2024-11-05 12:04:54,0.6518714939242157,1179.0725753198146
2024-11-05 12:04:55,0.6412685869070052,4739.38680786437
2024-11-05 12:04:56,0.6574653511829364,137.41812413658312
2024-11-05 12:04:57,0.6521007973939078,109.93725004065541
2024-11-05 12:04:58,0.6578627230505366,1288.5827656735423
2024-11-05 12:04:59,0.6567279247908431,863.6672504679805
2024-11-05 12:05:00,0.6426895414796558,320.42659245002613
2024-11-05 12:05:01,0.6456778728936359,82.75068734779748
2024-11-05 12:05:02,0.6587661814396374,89.55087106390793
2024-11-05 12:05:03,0.6571466021647826,2246.118512465589
2024-11-05 12:05:04,0.6503939405592108,213.02903185996402
2024-11-05 12:05:05,0.6512529097212097,390.6329929475808
2024-11-05 12:05:06,0.6623633018861611,257.03183009563327
2024-11-05 12:05:07,0.6433057389825284,438.4992348104208
2024-11-05 12:05:08,0.6545178364356811,71.95136073162983
2024-11-05 12:05:09,0.6470594789168598,732.0123220255348
2024-11-05 12:05:10,0.6471226640334049,70.00684637744136
2024-11-05 12:05:11,0.6606282328416068,1611.222042159252
2024-11-05 12:05:12,0.6582783419625466,266.197307684206
2024-11-05 12:05:13,0.6585039717476417,776.5546911485947
2024-11-05 12:05:14,0.6636627913417982,2120.9228164897418
2024-11-05 12:05:15,0.65091240877402,1052.332040410264
2024-11-05 12:05:16,0.6574652039773539,761.3356325747317
2024-11-05 12:05:17,0.6473601913325042,392.0560424841461
2024-11-05 12:05:18,0.6534439337504998,404.9681012238468
2024-11-05 12:05:19,0.6486223249499582,1107.1091505697361
2024-11-05 12:05:20,0.650655443580556,5139.496674707305
2024-11-05 12:05:21,0.655483849980505,1084.2337269652312
2024-11-05 12:05:22,0.6413054960176325,815.9555109679812
2024-11-05 12:05:23,0.6704750260033326,1311.7455241928112
2024-11-05 12:05:24,0.6396399663328907,625.8729279824089
2024-11-05 12:05:25,0.6377549103108094,62.02684348321755
2024-11-05 12:05:26,0.6616780462012126,826.214260143961
2024-11-05 12:05:27,0.6581762249230249,3161.203427295335
2024-11-05 12:05:28,0.6565962656158534,192.73916294070352
2024-11-05 12:05:29,0.6566533799789496,1171.198758468258
2024-11-05 12:05:30,0.6501858495794965,224.31134374225795
2024-11-05 12:05:31,0.641217012068161,767.4994260264465
2024-11-05 12:05:32,0.6508008904636574,101.67448370236089
2024-11-05 12:05:33,0.6431288537399512,598.5116578458807
2024-11-05 12:05:34,0.6595421666134509,1411.2566585424565
2024-11-05 12:05:35,0.6482630880578489,427.0537614854542
2024-11-05 12:05:36,0.6414805785821474,1093.3612728760884
2024-11-05 12:05:37,0.6465771316992779,1586.9426429163502
2024-11-05 12:05:38,0.6540132736574568,2619.734692704209
2024-11-05 12:05:39,0.6443549910862115,267.4116877155556
2024-11-05 12:05:40,0.6418702631129122,509.6861329145348
2024-11-05 12:05:41,0.6526018775944735,165.3653453224028
2024-11-05 12:05:42,0.6526472438758097,4890.6549620480555
2024-11-05 12:05:43,0.6451176890233148,2617.3090971585725
2024-11-05 12:05:44,0.6454291991671024,776.4355987991228
2024-11-05 12:05:45,0.6523884144833692,1845.3709920619717
2024-11-05 12:05:46,0.6355079786968875,735.9669552982863
2024-11-05 12:05:47,0.6358443920250991,977.0648486217308
2024-11-05 12:05:48,0.6426874464163312,93.34897954302181
2024-11-05 12:05:49,0.6477204898459438,1407.601435155739
2024-11-05 12:05:50,0.652978076629027,136.63733522890712
2024-11-05 12:05:51,0.6646619652652633,1749.0887349353393
2024-11-05 12:05:52,0.6585395057372837,1523.3890670186652
2024-11-05 12:05:53,0.6484207202612463,1233.555069093609
2024-11-05 12:05:54,0.6498779716370188,36.830368051553116
2024-11-05 12:05:55,0.6400727590302667,361.15404005155017
2024-11-05 12:05:56,0.6499202631188606,305.32013917912747
2024-11-05 12:05:57,0.6472040880923173,446.500262019517
2024-11-05 12:05:58,0.65328602934921,91.72364057237763
2024-11-05 12:05:59,0.6417455796091023,2763.951300892074
2024-11-05 12:06:00,0.6551704057935175,806.9930187631816
2024-11-05 12:06:01,0.6652717051588916,364.5981219476022
2024-11-05 12:06:02,0.6488383010301388,505.8074311065991
2024-11-05 12:06:03,0.6539412946169962,592.7636022426302
2024-11-05 12:06:04,0.6568394477019817,917.7776702207921
2024-11-05 12:06:05,0.645950996911781,725.0082520454396
2024-11-05 12:06:06,0.6522345559956784,2518.1570465176464
2024-11-05 12:06:07,0.6501485737819407,687.0925129207895
2024-11-05 12:06:08,0.6510212491426215,4848.263265360235
2024-11-05 12:06:09,0.6423252505635444,1906.6651133282803
2024-11-05 12:06:10,0.6502991019356038,233.83868383943187
2024-11-05 12:06:11,0.6550217854368673,2667.7994605888543
2024-11-05 12:06:12,0.6645336335745631,123.71277950994295
2024-11-05 12:06:13,0.6595925342146489,1700.7295740107259
2024-11-05 12:06:14,0.6715113027961389,479.04161866709717
2024-11-05 12:06:15,0.6422916321095564,2103.523768243236
2024-11-05 12:06:16,0.6586823087341298,2025.3829191556267
2024-11-05 12:06:17,0.6517953585427455,1639.5126583574474
2024-11-05 12:06:18,0.6718702834526253,1560.792693564261
2024-11-05 12:06:19,0.6419043061553711,363.38186959178677
2024-11-05 12:06:20,0.6416063511645197,84.38132920074946
2024-11-05 12:06:21,0.6440237515332624,515.8049647422996
2024-11-05 12:06:22,0.6287879841394222,190.58502336665757
2024-11-05 12:06:23,0.6447723584804239,1187.283150977474
2024-11-05 12:06:24,0.6424352101688513,424.8004262131064
2024-11-05 12:06:25,0.6515220119110945,3713.590302127083
2024-11-05 12:06:26,0.6534242518024674,1024.3551145361243
2024-11-05 12:06:27,0.668756670720463,1728.6751754099375
2024-11-05 12:06:28,0.6594895368930448,142.16820876655945
2024-11-05 12:06:29,0.6442104434658441,1980.606543336451
2024-11-05 12:06:30,0.6409942002981851,2560.801448616133
2024-11-05 12:06:31,0.6549009048867597,667.6001405482493
2024-11-05 12:06:32,0.6367861627488025,932.0465498249906
2024-11-05 12:06:33,0.6683115984472232,1447.3607343318376
2024-11-05 12:06:34,0.66179977824998,192.17630845457927
2024-11-05 12:06:35,0.6453201508940609,698.2925482163945
2024-11-05 12:06:36,0.6328840932511455,508.5998156695678
2024-11-05 12:06:37,0.6635542434548325,158.26211104526104
2024-11-05 12:06:38,0.6488670426305758,458.1294824567315
2024-11-05 12:06:39,0.6623852720003786,70.6073627041102
2024-11-05 12:06:40,0.6340565299760259,26.150879968812646
2024-11-05 12:06:41,0.6440011503472771,145.2180323285636
2024-11-05 12:06:42,0.650042992398018,3299.9533399771076
2024-11-05 12:06:43,0.6504583208981071,797.4627665581229
2024-11-05 12:06:44,0.6454883341719944,3376.177831884106
2024-11-05 12:06:45,0.6562201567475209,566.5107910082498
2024-11-05 12:06:46,0.6393195791427605,373.69922833070405
2024-11-05 12:06:47,0.6485766043942969,705.5069747772998
2024-11-05 12:06:48,0.6512074800013095,578.9468906265483
2024-11-05 12:06:49,0.6551517509553519,111.67450059839193
2024-11-05 12:06:50,0.6571246023930959,1023.9492043974927
2024-11-05 12:06:51,0.6387613095010773,243.39496199833067
2024-11-05 12:06:52,0.6346643594855342,966.5002845057637
2024-11-05 12:06:53,0.6627791208450974,1050.3968393246196
2024-11-05 12:06:54,0.653322146134842,164.90395155444642
2024-11-05 12:06:55,0.6425112934085219,63.312208950531385
2024-11-05 12:06:56,0.6655058646451948,1517.5954932239301
2024-11-05 12:06:57,0.6511505873196379,615.8166220913863
2024-11-05 12:06:58,0.661787604802566,59.92390010381585
2024-11-05 12:06:59,0.650671629596684,5271.931976736665
2024-11-05 12:07:00,0.670606296998249,59.51708142442369
2024-11-05 12:07:01,0.6675546283793885,1187.5590135001512
2024-11-05 12:07:02,0.6475135193451489,4115.298077656953
2024-11-05 12:07:03,0.6597199966301494,273.35861695714704
2024-11-05 12:07:04,0.6564582019374091,153.44186123358494
2024-11-05 12:07:05,0.6636899971200396,129.40840602400937
2024-11-05 12:07:06,0.6403530058249548,361.36470594110983
2024-11-05 12:07:07,0.6568609868992754,106.5232035515615
2024-11-05 12:07:08,0.6605830102533841,1178.1794699281834
2024-11-05 12:07:09,0.6324100661150489,64.31646379952709
2024-11-05 12:07:10,0.6381642031490732,712.1712524346368
2024-11-05 12:07:11,0.6296045059980929,5712.879886799935
2024-11-05 12:07:12,0.647303439807967,1681.8487766767155
2024-11-05 12:07:13,0.6571740567927772,955.0820766198736
2024-11-05 12:07:14,0.6650235081821135,365.64883308698523
2024-11-05 12:07:15,0.650742085702086,977.8891428190236
2024-11-05 12:07:16,0.6662881557632839,748.7475558795343
2024-11-05 12:07:17,0.6362013651502086,555.2711613166957
2024-11-05 12:07:18,0.6329684176337627,140.07892586034512
2024-11-05 12:07:19,0.6494461841402723,2176.8710598120474
2024-11-05 12:07:20,0.6538414489202957,597.4455297927822
2024-11-05 12:07:21,0.6496728959104003,216.44418206141358
2024-11-05 12:07:22,0.6293245876954562,458.48518338293525
2024-11-05 12:07:23,0.6491072491635802,534.6569346201339
2024-11-05 12:07:24,0.6369535600622798,1757.5777510905332
2024-11-05 12:07:25,0.6566951578069926,1322.8103228592781
2024-11-05 12:07:26,0.6536648947262315,1466.6583261701917
2024-11-05 12:07:27,0.640600772645613,11.092560021533863
2024-11-05 12:07:28,0.6448615883167022,538.1180264409754
2024-11-05 12:07:29,0.6394086958861753,656.5147210381607
2024-11-05 12:07:30,0.6493743939366018,19.3788394664463
2024-11-05 12:07:31,0.6595526897755871,300.8527040218263
2024-11-05 12:07:32,0.6401438232261868,1428.324681714378
2024-11-05 12:07:33,0.6550411620842047,147.46771733388928
2024-11-05 12:07:34,0.6446976267911083,766.3850452648581
2024-11-05 12:07:35,0.6420709833711109,242.32875607689377
2024-11-05 12:07:36,0.6489290190446463,12.19483024877762
2024-11-05 12:07:37,0.6396466825446553,276.0189618502993
2024-11-05 12:07:38,0.6444625967656585,3724.455023142878
2024-11-05 12:07:39,0.6380204812501619,1617.1531579615473
2024-11-05 12:07:40,0.6696468170038966,3208.3475501912335
2024-11-05 12:07:41,0.6503525677657884,669.145624111168
2024-11-05 12:07:42,0.6430030249185826,116.2374541951925
2024-11-05 12:07:43,0.6521403390716157,793.9834770016945
2024-11-05 12:07:44,0.6488773866412522,605.8276310869285
2024-11-05 12:07:45,0.6477909514944283,1860.1908873998093
2024-11-05 12:07:46,0.6561421650608135,103.23231608662383
2024-11-05 12:07:47,0.6575753378400804,669.9017356298463
2024-11-05 12:07:48,0.6446949800714062,162.57618371792447
2024-11-05 12:07:49,0.644241565592626,392.5625950137044
2024-11-05 12:07:50,0.6472490603165308,1336.959878024791
2024-11-05 12:07:51,0.6269802959703223,646.2981932916177
2024-11-05 12:07:52,0.6348476335376022,471.4258964215926
2024-11-05 12:07:53,0.663668412724813,501.66154015857825
2024-11-05 12:07:54,0.6664495289106755,615.1621609169232
2024-11-05 12:07:55,0.6475096870625107,1537.194201894464
2024-11-05 12:07:56,0.6557657857377927,2226.4085163237464
2024-11-05 12:07:57,0.6531128274129494,3108.5580630223
2024-11-05 12:07:58,0.6807891677616187,1546.0096304556976
2024-11-05 12:07:59,0.6611960665331037,378.9306256040513
2024-11-05 12:08:00,0.6487210385230527,1165.1839346810204
2024-11-05 12:08:01,0.640444672644545,575.5474933648939
2024-11-05 12:08:02,0.6339354730204808,293.9290402489777
2024-11-05 12:08:03,0.6520344572267266,1838.0437261905784
2024-11-05 12:08:04,0.6424362447011828,39.18411674375606
2024-11-05 12:08:05,0.6357772027975707,2320.362093040372
2024-11-05 12:08:06,0.6435340527169433,618.9259348392796
2024-11-05 12:08:07,0.6391843838584425,1013.9076313345574
2024-11-05 12:08:08,0.6668713829099899,1076.9112357162621
2024-11-05 12:08:09,0.6588164644612283,2254.9168980590207
2024-11-05 12:08:10,0.6499204183051548,1012.4428920042711
2024-11-05 12:08:11,0.6647996276190705,951.745864110872
2024-11-05 12:08:12,0.6507738692990482,68.97720078190541
2024-11-05 12:08:13,0.6413873063741702,730.6580419892181
2024-11-05 12:08:14,0.6652313245453533,162.7177737566215
2024-11-05 12:08:15,0.6553891083207779,1337.251919142745
2024-11-05 12:08:16,0.6396274755956803,717.8947323254283
2024-11-05 12:08:17,0.6480964986704042,1140.1463466715084
2024-11-05 12:08:18,0.6412436790926438,42.566119416354354
2024-11-05 12:08:19,0.6361718707181292,88.60393466847853
2024-11-05 12:08:20,0.6592616761434927,1259.9203799829265
2024-11-05 12:08:21,0.6690941169897994,74.81442963462634
2024-11-05 12:08:22,0.6360143303649132,73.92292686901209
2024-11-05 12:08:23,0.6556297478136464,12.18238000979597
2024-11-05 12:08:24,0.6434936634501998,3135.026486219789
2024-11-05 12:08:25,0.6451288478958745,1337.5360430156609
2024-11-05 12:08:26,0.6440761532984393,435.79763573369917
2024-11-05 12:08:27,0.641360157670194,351.7379812300988
2024-11-05 12:08:28,0.6504852436096237,430.3264506668801
2024-11-05 12:08:29,0.6416904859583871,1490.1161997316503
2024-11-05 12:08:30,0.6527045213622695,1082.8490176285034
2024-11-05 12:08:31,0.6494975505416775,204.80715510999963
2024-11-05 12:08:32,0.6476104454944156,191.2928814550219
2024-11-05 12:08:33,0.6409242992132568,103.57949119433948
2024-11-05 12:08:34,0.6442322445556357,1079.7004100335128
2024-11-05 12:08:35,0.6575538987491467,1445.5037992237158
2024-11-05 12:08:36,0.6550091871961782,307.94794955359026
2024-11-05 12:08:37,0.6402244860265704,21.167418451615127
2024-11-05 12:08:38,0.650993374809909,85.74490745693609
2024-11-05 12:08:39,0.6575139245765896,3437.655002837343
2024-11-05 12:08:40,0.6333059911420642,350.18856530362535
2024-11-05 12:08:41,0.6554336283936417,1466.3040433040203
2024-11-05 12:08:42,0.6433737675739992,979.932505488038
2024-11-05 12:08:43,0.6557059713879098,481.1691558293258
2024-11-05 12:08:44,0.6423673776013095,230.27801895590352
2024-11-05 12:08:45,0.6319511402689633,129.41008905710117
2024-11-05 12:08:46,0.6337245375732925,954.5456284794806
2024-11-05 12:08:47,0.6504808197639526,1490.0285583409177
2024-11-05 12:08:48,0.6525972089516482,1032.5556335637089
2024-11-05 12:08:49,0.6409568333718428,755.6656276864724
2024-11-05 12:08:50,0.6563859385812782,42.85658730910904
2024-11-05 12:08:51,0.6333848236215642,3457.411529753554
2024-11-05 12:08:52,0.6493392306725702,1603.0294488443599
2024-11-05 12:08:53,0.6378898648621719,346.4729286376472
2024-11-05 12:08:54,0.6434816586863044,3910.5405727172183
2024-11-05 12:08:55,0.650473995997875,921.00580446948
2024-11-05 12:08:56,0.641395864197675,873.2855020448503
2024-11-05 12:08:57,0.6461544324269627,1378.6166282050144
2024-11-05 12:08:58,0.6600629093314874,1670.0895338438768
2024-11-05 12:08:59,0.6442310603144156,1068.5058907480495
2024-11-05 12:09:00,0.6583569023626463,137.07566198038495
2024-11-05 12:09:01,0.6387029185397429,412.89389231550825
2024-11-05 12:09:02,0.6552980368135455,2632.251506424206
2024-11-05 12:09:03,0.6644156894912799,254.39638787094393
2024-11-05 12:09:04,0.6252835651331867,465.4811094126797
2024-11-05 12:09:05,0.6420310617620282,565.769226718731
2024-11-05 12:09:06,0.6557707364908577,578.756540923333
2024-11-05 12:09:07,0.6479695590892288,949.1744805522319
2024-11-05 12:09:08,0.6537114669851691,2866.035383780196
2024-11-05 12:09:09,0.6439601504275327,275.34872427418645
2024-11-05 12:09:10,0.650865894275981,129.54093800495235
2024-11-05 12:09:11,0.6484432194087494,219.98665189386477
2024-11-05 12:09:12,0.6616778098262631,2179.703081100552
2024-11-05 12:09:13,0.6525441975084788,1037.9240810762278
2024-11-05 12:09:14,0.653376017793096,336.7417778790184
2024-11-05 12:09:15,0.6458812252148193,1692.5311877747204
2024-11-05 12:09:16,0.6451239370506736,1975.9467391996955
2024-11-05 12:09:17,0.6456744215800471,1874.1481279810755
2024-11-05 12:09:18,0.6539445279760204,2512.399543274232
2024-11-05 12:09:19,0.6457901632320404,290.6745724146154
2024-11-05 12:09:20,0.6528977563317047,1406.6682208230554
2024-11-05 12:09:21,0.6707540139194788,617.1857078521142
2024-11-05 12:09:22,0.6587112500950553,1845.1510870734517
2024-11-05 12:09:23,0.6467397645003311,1303.7588019347568
2024-11-05 12:09:24,0.6620121361289447,1498.108753865593
2024-11-05 12:09:25,0.6459192411496864,1067.5841906842093
2024-11-05 12:09:26,0.6296187487209899,195.32019762394586
2024-11-05 12:09:27,0.6399191314322257,787.5170241922046
2024-11-05 12:09:28,0.631292076866948,4177.926595016946
2024-11-05 12:09:29,0.646484863432947,2770.7993880074328
2024-11-05 12:09:30,0.6501841844169476,44.133446117586075
2024-11-05 12:09:31,0.6667643757635013,180.1018011507549
2024-11-05 12:09:32,0.6532692776784984,141.25114015268525
2024-11-05 12:09:33,0.6478089990367951,1294.5538540603868
2024-11-05 12:09:34,0.6582940596080799,1702.5697806958462
2024-11-05 12:09:35,0.6278886494533668,240.1770083500529
2024-11-05 12:09:36,0.6523561464664237,704.921613839529
2024-11-05 12:09:37,0.6577086511336356,1836.9850704778037
2024-11-05 12:09:38,0.6352141353602295,1319.7636186471764
2024-11-05 12:09:39,0.6614375374389616,781.4041449537949
2024-11-05 12:09:40,0.6533849609508002,892.4465045700323
2024-11-05 12:09:41,0.6458471182520796,710.009650068406
2024-11-05 12:09:42,0.6563278170515461,353.1788500016205
2024-11-05 12:09:43,0.6727069282060415,832.4598074681555
2024-11-05 12:09:44,0.6518186633816689,1167.5936310968125
2024-11-05 12:09:45,0.652482207621418,2066.1140751074527
2024-11-05 12:09:46,0.6454063932507242,1011.4021548748544
2024-11-05 12:09:47,0.6415015585395759,1431.800379585526
2024-11-05 12:09:48,0.6583033599349739,174.43867048912378
2024-11-05 12:09:49,0.6414391627276012,619.074518666376
2024-11-05 12:09:50,0.6507156624451931,9.375432164456157
2024-11-05 12:09:51,0.6452234247580406,283.2636673578669
2024-11-05 12:09:52,0.6547897968684482,1296.3136856112858
2024-11-05 12:09:53,0.6533366193859402,4804.835440886139
2024-11-05 12:09:54,0.6603753978610487,104.44770971109277
2024-11-05 12:09:55,0.6448998348289936,513.3192567214193
2024-11-05 12:09:56,0.6473012500684061,1609.7928189017482
2024-11-05 12:09:57,0.6402123629311937,228.20086126156374
2024-11-05 12:09:58,0.6455570680785048,809.8719123476156
2024-11-05 12:09:59,0.6537730060095182,1320.7736825681357
2024-11-05 12:10:00,0.657569887390595,957.0748371647658
2024-11-05 12:10:01,0.6407783478658774,208.28540063345005
2024-11-05 12:10:02,0.6586960599775739,439.1013705229907
2024-11-05 12:10:03,0.6635563789051254,1531.5133748939875
2024-11-05 12:10:04,0.6541343488662993,807.9443351961764
2024-11-05 12:10:05,0.6687679575532688,5.243335834244976
2024-11-05 12:10:06,0.6422621071826543,1431.2530668276238
2024-11-05 12:10:07,0.6375534520770058,35.949877311554204
2024-11-05 12:10:08,0.6322127967439227,1369.373461353044
2024-11-05 12:10:09,0.664960442615595,226.24906865187216
2024-11-05 12:10:10,0.6565436564096082,3171.8367195597857
2024-11-05 12:10:11,0.6494441534828994,458.7721412896034
2024-11-05 12:10:12,0.652799686731388,395.9083443033564
2024-11-05 12:10:13,0.6387451101517383,161.2116083351189
2024-11-05 12:10:14,0.6744575204366069,364.7131863488572
2024-11-05 12:10:15,0.6512922123444154,2092.735612176639
2024-11-05 12:10:16,0.65109394825865,5608.746230709056
2024-11-05 12:10:17,0.6572576662948748,459.3557682687801
2024-11-05 12:10:18,0.6548100921280066,595.3140605103695
2024-11-05 12:10:19,0.6522388398684463,1280.3893712449096
2024-11-05 12:10:20,0.6420952549787018,2173.275679463014
2024-11-05 12:10:21,0.6547146831150689,899.0510286786167
2024-11-05 12:10:22,0.6688202446107635,496.8005994559315
2024-11-05 12:10:23,0.6634542002726809,532.0864431503372
2024-11-05 12:10:24,0.6659318662663327,1189.4722687558444
2024-11-05 12:10:25,0.644887843407665,3.223453352234625
2024-11-05 12:10:26,0.6401039520912035,966.5039188925853
2024-11-05 12:10:27,0.6487421311440995,439.26961172974956
2024-11-05 12:10:28,0.6505572494446284,1580.837488110796
2024-11-05 12:10:29,0.6609419154198156,97.60250898985603
2024-11-05 12:10:30,0.6330753538112649,887.2229893778367
2024-11-05 12:10:31,0.6652955031655646,655.7991618936114
2024-11-05 12:10:32,0.6484199208658307,1028.1319964746447
2024-11-05 12:10:33,0.6457311890735566,67.05217851068186
2024-11-05 12:10:34,0.6398789559949299,867.4619670881443
2024-11-05 12:10:35,0.6334514330569262,824.3603206028805
2024-11-05 12:10:36,0.6582317056863485,822.481893100684
2024-11-05 12:10:37,0.6507331796145697,925.0481327074117
2024-11-05 12:10:38,0.6371003910443451,1128.457057823754
2024-11-05 12:10:39,0.6370492124029018,1634.6993101159928
2024-11-05 12:10:40,0.6466421531800551,314.4651861262493
2024-11-05 12:10:41,0.6666902154357429,1743.2516888112311
2024-11-05 12:10:42,0.6474040866410833,689.6646162596095
2024-11-05 12:10:43,0.6349685705664802,80.18918746336912
2024-11-05 12:10:44,0.6475425693849768,60.335026075057606
2024-11-05 12:10:45,0.6472727642576703,406.8235083602549
2024-11-05 12:10:46,0.6230311334704364,1536.6381893970083
2024-11-05 12:10:47,0.6494570512046374,1229.9093840207843
2024-11-05 12:10:48,0.6476906545668067,1554.0739964735976
2024-11-05 12:10:49,0.65696206354282,728.295833215188
2024-11-05 12:10:50,0.6684895608890319,580.1739118979033
2024-11-05 12:10:51,0.6612656502882321,159.52638422688284
2024-11-05 12:10:52,0.6473111131371277,397.7838153323653
2024-11-05 12:10:53,0.6389347409920747,569.1954172192331
2024-11-05 12:10:54,0.6757335981293857,92.77387160256173
2024-11-05 12:10:55,0.6505921844332002,249.246221980613
2024-11-05 12:10:56,0.6501392929897911,911.863780458761
2024-11-05 12:10:57,0.6497587491648044,1330.530906909701
2024-11-05 12:10:58,0.6519808476046218,6405.472880634143
2024-11-05 12:10:59,0.6485563958428265,2704.7556044043154
2024-11-05 12:11:00,0.6442633798691919,1028.8023098028725
2024-11-05 12:11:01,0.6445314105162538,546.8813099485977
2024-11-05 12:11:02,0.6496724672324832,1011.0887957798544
2024-11-05 12:11:03,0.6445657522420352,1540.1526347430927
2024-11-05 12:11:04,0.6428715421531376,125.94446448603402
2024-11-05 12:11:05,0.6510643022850872,527.4715511697289
2024-11-05 12:11:06,0.6474502278580475,1831.3465118380304
2024-11-05 12:11:07,0.6650399299334777,484.2371702849132
2024-11-05 12:11:08,0.6234903019680674,848.3336962100451
2024-11-05 12:11:09,0.6609150685646201,886.1722825317389
2024-11-05 12:11:10,0.6624608519551352,203.92473795035093
2024-11-05 12:11:11,0.6292660976860688,449.7860945489304
2024-11-05 12:11:12,0.6465731240490548,407.23360408863493
2024-11-05 12:11:13,0.6462855913134721,26.54595521466961
2024-11-05 12:11:14,0.6359248830166809,24.489191270530316
2024-11-05 12:11:15,0.6422218330865718,1781.9896121391394
2024-11-05 12:11:16,0.6388942415141875,318.92620643003505
2024-11-05 12:11:17,0.6675227044152102,729.9745937185206
2024-11-05 12:11:18,0.6593567839273636,354.85599007989305
2024-11-05 12:11:19,0.6627155509602549,2824.796036158523
2024-11-05 12:11:20,0.6572167206617929,300.15521820059433
2024-11-05 12:11:21,0.6387094823149146,561.5170164185904
2024-11-05 12:11:22,0.6447547973640043,2061.4464331155928
2024-11-05 12:11:23,0.6548937456333771,1844.7398709821284
2024-11-05 12:11:24,0.6377787219226958,205.91951269056196
2024-11-05 12:11:25,0.6571299843023397,1622.7425772487939
2024-11-05 12:11:26,0.6475967460088877,612.8341464824549
2024-11-05 12:11:27,0.6462517919076642,659.6521975537926
2024-11-05 12:11:28,0.6571095996619567,143.27005689790263
2024-11-05 12:11:29,0.6544426330959101,84.03564207332337
2024-11-05 12:11:30,0.6463903383277361,1301.7301014514392
2024-11-05 12:11:31,0.6615932980268717,686.09441459685
2024-11-05 12:11:32,0.639189366725259,574.2105041411313
2024-11-05 12:11:33,0.6561593560777601,1307.513601315038
2024-11-05 12:11:34,0.6559310125927439,1450.3546989673853
2024-11-05 12:11:35,0.6469045356215881,173.05443076039947
2024-11-05 12:11:36,0.6532613302356772,942.186012916847
2024-11-05 12:11:37,0.6374888642453692,145.43519952787474
2024-11-05 12:11:38,0.6592402701957424,1391.8098878273495
2024-11-05 12:11:39,0.6481509786334418,1069.894100615944
2024-11-05 12:11:40,0.6447727697878276,3137.6327859603243
2024-11-05 12:11:41,0.660490092248383,71.45090750853228
2024-11-05 12:11:42,0.6429565630838778,58.74702682483746
2024-11-05 12:11:43,0.6359153870271967,331.54629359486404
2024-11-05 12:11:44,0.6344337082588468,303.4127313563832
2024-11-05 12:11:45,0.6560600995117079,283.6618962957272
2024-11-05 12:11:46,0.6371957064774392,2367.172474216309
2024-11-05 12:11:47,0.6675479418255394,287.0771885636066
2024-11-05 12:11:48,0.6291807059287026,317.38517565419477
2024-11-05 12:11:49,0.6669645636905885,1424.612253597161
2024-11-05 12:11:50,0.652110174678288,597.364098865057
2024-11-05 12:11:51,0.6490328688849862,1499.2863982584597
2024-11-05 12:11:52,0.6445508091325081,67.60043876192516
2024-11-05 12:11:53,0.6539913611411791,668.5934921037367
2024-11-05 12:11:54,0.6496236529712076,34.19152493794983
2024-11-05 12:11:55,0.6610330188145378,64.70195151063191
2024-11-05 12:11:56,0.651142276481149,2369.125118145484
2024-11-05 12:11:57,0.651503017610401,149.94579904644505
2024-11-05 12:11:58,0.6463638778756424,760.1862810622099
2024-11-05 12:11:59,0.6494305437628423,529.4914219185614
2024-11-05 12:12:00,0.6530780176910328,426.70405559453656
2024-11-05 12:12:01,0.6328983160769931,2300.9199370088268
2024-11-05 12:12:02,0.6365181457830978,22.065049355001527
2024-11-05 12:12:03,0.6574326409440806,1090.0183808326894
2024-11-05 12:12:04,0.6517086543840755,3307.554979468367
2024-11-05 12:12:05,0.6481601666377379,821.362860280852
2024-11-05 12:12:06,0.6501843393302664,2761.8064529191192
2024-11-05 12:12:07,0.6534758170518026,53.67283829582405
2024-11-05 12:12:08,0.644602403194161,542.6488522972961
2024-11-05 12:12:09,0.6422169527429407,301.3183465506887
2024-11-05 12:12:10,0.6519584525482923,1312.3785630731404
2024-11-05 12:12:11,0.640216272222031,3979.0761788416826
2024-11-05 12:12:12,0.6540825275564843,296.4269475836514
2024-11-05 12:12:13,0.6329741639581508,1061.8212598300315
2024-11-05 12:12:14,0.6602915563747619,220.76841513427965
2024-11-05 12:12:15,0.6547259748262195,833.1687421479584
2024-11-05 12:12:16,0.6525602973453354,623.4951681723219
2024-11-05 12:12:17,0.6598269098413034,3575.7411309081153
2024-11-05 12:12:18,0.6666547444457813,937.8394280377333
2024-11-05 12:12:19,0.6601437006504709,430.0237767529106
2024-11-05 12:12:20,0.6315912576861253,121.14644357562017
2024-11-05 12:12:21,0.6372042303314258,163.9868637214363
2024-11-05 12:12:22,0.6437518142214729,255.3012751408823
2024-11-05 12:12:23,0.6502609105005351,288.9717855613698
2024-11-05 12:12:24,0.655176590203435,1901.2354942631105
2024-11-05 12:12:25,0.6427425618677532,823.7634851167945
2024-11-05 12:12:26,0.651867667644699,741.0586447854434
2024-11-05 12:12:27,0.6424461706769931,121.9065063412979
2024-11-05 12:12:28,0.6438848219710448,1967.1111641550874
2024-11-05 12:12:29,0.6359333890326851,1283.0676118738606
2024-11-05 12:12:30,0.6407676675400064,70.06669271951631
2024-11-05 12:12:31,0.6364831539446781,1230.4369006024542
2024-11-05 12:12:32,0.6402412674706476,784.2503006173839
2024-11-05 12:12:33,0.6605364179660307,85.25874546966827
2024-11-05 12:12:34,0.6405060111112155,613.0441206067024
2024-11-05 12:12:35,0.6763238206476232,662.998818414935
2024-11-05 12:12:36,0.6549331790079502,181.25157762181647
2024-11-05 12:12:37,0.6518483612361664,2913.196927399496
2024-11-05 12:12:38,0.6414164221976337,1896.9558082346848
2024-11-05 12:12:39,0.6570030987938564,1105.704390260218
2024-11-05 12:12:40,0.6442436217377283,620.4462396688857
2024-11-05 12:12:41,0.6512200981468474,530.629671756844
2024-11-05 12:12:42,0.675600845383264,1052.6073343140586
2024-11-05 12:12:43,0.6490394010033785,788.4074743037925
2024-11-05 12:12:44,0.6614927332633995,64.29653002712655
2024-11-05 12:12:45,0.6429682357490987,718.4704219340355
2024-11-05 12:12:46,0.6496501150951466,1641.9797883681324
2024-11-05 12:12:47,0.6677080063562276,614.7794951322301
2024-11-05 12:12:48,0.643730329421799,53.35497350844933
2024-11-05 12:12:49,0.668124485579533,1543.0801068112369
2024-11-05 12:12:50,0.6570775193541043,224.849733685874
2024-11-05 12:12:51,0.6443753322406854,299.24309074837026
2024-11-05 12:12:52,0.6563240773903304,179.97194341740163
2024-11-05 12:12:53,0.6597255444962222,400.7986104717142
2024-11-05 12:12:54,0.6562180996222998,1413.6717478165162
2024-11-05 12:12:55,0.6342977528013549,732.6905335240428
2024-11-05 12:12:56,0.642728628242078,229.26383478708843
2024-11-05 12:12:57,0.6475248136448065,2102.3424012654878
2024-11-05 12:12:58,0.649255665709251,2116.7850510798344
2024-11-05 12:12:59,0.6562067209756435,2044.6801801024367
2024-11-05 12:13:00,0.6517770100093367,272.8541664069208
2024-11-05 12:13:01,0.6366465564127818,600.0928964322931
2024-11-05 12:13:02,0.6538019785098554,4199.015724929951
2024-11-05 12:13:03,0.6561058574525964,1478.4643721827786
2024-11-05 12:13:04,0.6555979044790834,27.543278636881524
2024-11-05 12:13:05,0.6608078072553788,67.42758781911051
2024-11-05 12:13:06,0.6583392215454099,623.4930977710628
2024-11-05 12:13:07,0.6545918007923018,2399.3185496536807
2024-11-05 12:13:08,0.6492983428855154,773.7105860039205
2024-11-05 12:13:09,0.6333903906649981,688.7817390488921
2024-11-05 12:13:10,0.6542961821915031,111.46097451660442
2024-11-05 12:13:11,0.6520768768717898,1069.3839431309625
2024-11-05 12:13:12,0.6527157883720632,1726.5514506301995
2024-11-05 12:13:13,0.6372325142418395,478.71346196718423
2024-11-05 12:13:14,0.6391894345958902,1494.3779183383717
2024-11-05 12:13:15,0.6605315285332439,3337.565162052098
2024-11-05 12:13:16,0.6496044484613128,227.8627431134131
2024-11-05 12:13:17,0.6568150069735977,740.9300777021357
2024-11-05 12:13:18,0.6502831837611951,338.4673668890539
2024-11-05 12:13:19,0.6502975613948874,1574.333443217474
2024-11-05 12:13:20,0.6593828380597402,861.7868409396449
2024-11-05 12:13:21,0.6448395527178563,1006.714517833276
2024-11-05 12:13:22,0.6509612077694792,1599.0627194510662
2024-11-05 12:13:23,0.6453772471130407,504.1321959217804
2024-11-05 12:13:24,0.6456550377257692,2466.1642126129655
2024-11-05 12:13:25,0.6469082787653884,761.4878374553812
2024-11-05 12:13:26,0.6522213377163807,171.92161158931836
2024-11-05 12:13:27,0.6452125137833715,1190.395784496388
2024-11-05 12:13:28,0.6625575612557063,1576.2998459239548
2024-11-05 12:13:29,0.6410539269777498,380.9115447957103
2024-11-05 12:13:30,0.6481312835583186,1946.1649805133623
2024-11-05 12:13:31,0.6456026894171927,2365.9856460311667
2024-11-05 12:13:32,0.664469778843487,324.2139595704644
2024-11-05 12:13:33,0.6519655477650896,4105.697122281738
2024-11-05 12:13:34,0.6603184453946878,151.65059038050552
2024-11-05 12:13:35,0.6351443962696562,225.66631631467578
2024-11-05 12:13:36,0.6526705026587357,203.61650026757172
2024-11-05 12:13:37,0.6588963079562845,2244.2191141841326
2024-11-05 12:13:38,0.6508228398928004,1062.1623885347033
2024-11-05 12:13:39,0.6606548037506867,164.9976262503038
2024-11-05 12:13:40,0.6448271154990111,580.3961948898719
2024-11-05 12:13:41,0.6640934744018507,955.2863355479618
2024-11-05 12:13:42,0.6729889812361703,87.15402533365734
2024-11-05 12:13:43,0.6463716143955702,2140.605440342273
2024-11-05 12:13:44,0.6455449747859557,1627.6198844536082
2024-11-05 12:13:45,0.664533844771145,703.6153280818361
2024-11-05 12:13:46,0.6657957214572856,3415.0919230500876
2024-11-05 12:13:47,0.6447713997284598,540.8742270293948
2024-11-05 12:13:48,0.6457981318290481,4142.085376451174
2024-11-05 12:13:49,0.6471821539114133,1102.379371634689
2024-11-05 12:13:50,0.6365554948896824,1006.957709493521
2024-11-05 12:13:51,0.6408134805351845,181.46779570663477
2024-11-05 12:13:52,0.6399585923325014,2136.458624088056
2024-11-05 12:13:53,0.6423220243489723,557.7245313502252
2024-11-05 12:13:54,0.6496531511261354,177.0157444826844
2024-11-05 12:13:55,0.6523421473253583,12.687669122935624
2024-11-05 12:13:56,0.665505004928126,820.4254417138757
2024-11-05 12:13:57,0.6400164595925931,749.5051146585031
2024-11-05 12:13:58,0.659843223984747,1270.659844747094
2024-11-05 12:13:59,0.6478601115577299,2209.623605735428
2024-11-05 12:14:00,0.6495053629034673,82.7368001805495
2024-11-05 12:14:01,0.6567481949216654,1314.8912937605926
2024-11-05 12:14:02,0.6387727797843835,207.53099415526916
2024-11-05 12:14:03,0.6538240974618522,1953.1758525685584
2024-11-05 12:14:04,0.6516645220821446,1709.6092146110045
2024-11-05 12:14:05,0.6549245126400949,778.2558342991005
2024-11-05 12:14:06,0.6528916864390882,1238.7119433120627
2024-11-05 12:14:07,0.6745530013991139,377.38815061139644
2024-11-05 12:14:08,0.6436226001574862,637.0842867894617
2024-11-05 12:14:09,0.6446900304499762,1723.9339059589627
2024-11-05 12:14:10,0.6437685947357433,614.8263184240825
2024-11-05 12:14:11,0.6444452288083872,442.85279618655625
2024-11-05 12:14:12,0.6436261287269255,681.6385540848643
2024-11-05 12:14:13,0.661890165311069,1761.7109952674239
2024-11-05 12:14:14,0.6642050424798959,408.28114046433365
2024-11-05 12:14:15,0.6442925370625066,190.8719189412956
2024-11-05 12:14:16,0.6416764442689625,1244.8434817352836
2024-11-05 12:14:17,0.654714155563871,1748.574773284898
2024-11-05 12:14:18,0.6444777695571978,106.06907609808842
2024-11-05 12:14:19,0.6563293181775616,274.2712183081353
2024-11-05 12:14:20,0.6520292302085172,153.11853406083515
2024-11-05 12:14:21,0.634842558850029,427.6208615560562
2024-11-05 12:14:22,0.665475052013299,598.4753479202121
2024-11-05 12:14:23,0.6679587767309514,1381.6106944838227
2024-11-05 12:14:24,0.6438721130951509,1053.1063255355016
2024-11-05 12:14:25,0.6461229844006348,970.030615348931
2024-11-05 12:14:26,0.6528586539072446,434.443371406971
2024-11-05 12:14:27,0.6533445678998676,1841.6698450343083
2024-11-05 12:14:28,0.6565854427267279,637.3098440439261
2024-11-05 12:14:29,0.670102045387665,3868.242416594891
2024-11-05 12:14:30,0.6482305277250626,1005.5103770097726
2024-11-05 12:14:31,0.6420170275546194,134.97785718102526
2024-11-05 12:14:32,0.6362068077198586,1127.5599445107553
2024-11-05 12:14:33,0.6426906996005838,393.19669691961025
2024-11-05 12:14:34,0.6496687302712636,1159.4048640248864
2024-11-05 12:14:35,0.6679455786351779,72.18490506954433
2024-11-05 12:14:36,0.6448238870096369,192.22819045912152
2024-11-05 12:14:37,0.6522378795163866,1936.1190510181302
2024-11-05 12:14:38,0.6498357710392696,257.70854330678486
2024-11-05 12:14:39,0.6618839327344782,1814.2574121128318
2024-11-05 12:14:40,0.6752693242587342,327.4991393787473
2024-11-05 12:14:41,0.6446913122707959,1029.6887677502348
2024-11-05 12:14:42,0.645105605574818,1184.6623684296387
2024-11-05 12:14:43,0.6604416087706919,718.7824812885494
2024-11-05 12:14:44,0.656818914896265,364.2905501889821
2024-11-05 12:14:45,0.6684670732573624,239.0752601646858
2024-11-05 12:14:46,0.6558392818532616,33.75261921056072
2024-11-05 12:14:47,0.6464070790921308,362.3286119012093
2024-11-05 12:14:48,0.6559065483069235,1058.89974609222
2024-11-05 12:14:49,0.6610870358058287,2785.549445909374
2024-11-05 12:14:50,0.6582048218119727,2049.529266096399
2024-11-05 12:14:51,0.6550727403110715,1452.711024747378
2024-11-05 12:14:52,0.66066674689589,1553.2813434137013
2024-11-05 12:14:53,0.6616929559044554,1093.5796839216732
2024-11-05 12:14:54,0.6638215899103745,301.4928132972702
2024-11-05 12:14:55,0.6564870988758962,2377.2550921950906
2024-11-05 12:14:56,0.6483288191968318,1110.8842174200688
2024-11-05 12:14:57,0.6514671368643341,821.9824878863803
2024-11-05 12:14:58,0.6620650896650847,117.64619788426465
2024-11-05 12:14:59,0.6418306432901287,592.4977233839371
2024-11-05 12:15:00,0.6536867330887299,616.8498248029955
2024-11-05 12:15:01,0.646066611876727,1999.2531918569643
2024-11-05 12:15:02,0.6502874482293483,791.0868989857644
2024-11-05 12:15:03,0.6627845186260727,478.6820564475785
2024-11-05 12:15:04,0.6519109906801984,3763.617160352339
2024-11-05 12:15:05,0.6504643654815607,117.34379962675851
2024-11-05 12:15:06,0.6364014385902,549.130698651335
2024-11-05 12:15:07,0.6574625356602717,42.93325830688141
2024-11-05 12:15:08,0.6564548418114104,1346.7049496631457
2024-11-05 12:15:09,0.6716325472330547,2501.9700311638776
2024-11-05 12:15:10,0.6469222176504703,328.55591491401935
2024-11-05 12:15:11,0.65219150327664,1954.3372955128295
2024-11-05 12:15:12,0.6524938368371082,345.61946791829934
2024-11-05 12:15:13,0.6657745327976353,2416.539784613971
2024-11-05 12:15:14,0.649047044676131,1402.2688916121695
2024-11-05 12:15:15,0.6527902152577036,1634.2777671764386
2024-11-05 12:15:16,0.6560789650971653,18.170646414164462
2024-11-05 12:15:17,0.6518660912315634,3291.724972436397
2024-11-05 12:15:18,0.6455356638544943,1297.0790521646832
2024-11-05 12:15:19,0.6519408999289826,363.48536139772295
2024-11-05 12:15:20,0.6607363174985974,1768.4023716049078
2024-11-05 12:15:21,0.6397348470058892,330.6190776073191
2024-11-05 12:15:22,0.6513296967414687,2061.6317974144163
2024-11-05 12:15:23,0.6429987918506084,119.43734248109422
2024-11-05 12:15:24,0.6619504662892487,1216.3355000441866
2024-11-05 12:15:25,0.6347681309521626,778.0483709672553
2024-11-05 12:15:26,0.6444107815272845,101.51732152650952
2024-11-05 12:15:27,0.6537721187506454,276.93183488830135
2024-11-05 12:15:28,0.6656552402923436,12.48160847502802
2024-11-05 12:15:29,0.6493424973892702,632.556376660282
2024-11-05 12:15:30,0.644448004733068,358.48409483719445
2024-11-05 12:15:31,0.6688115706944057,912.1928504155719
2024-11-05 12:15:32,0.6355198609958373,352.7367199452367
2024-11-05 12:15:33,0.6280119404337989,356.5593956246741
2024-11-05 12:15:34,0.6544001445005331,1359.4312228270262
2024-11-05 12:15:35,0.6449794577564738,49.340293239955365
2024-11-05 12:15:36,0.6397876718286929,2331.9623621911787
2024-11-05 12:15:37,0.6570835644729937,1912.3275316140762
2024-11-05 12:15:38,0.6524380071377122,1102.032179513412
2024-11-05 12:15:39,0.6443592136926329,899.4866400763401
2024-11-05 12:15:40,0.6371969560132912,2228.428890443056
2024-11-05 12:15:41,0.6587245732828015,204.97237608398876
2024-11-05 12:15:42,0.6565020117795868,82.26176032410241
2024-11-05 12:15:43,0.6490082413622061,273.7925400343189
2024-11-05 12:15:44,0.6684663699604766,1582.690235862734
2024-11-05 12:15:45,0.6392991523367384,35.28554349532651
2024-11-05 12:15:46,0.6347447482907526,874.2059392195671
2024-11-05 12:15:47,0.6430809193011875,5389.888108860084
2024-11-05 12:15:48,0.6495441398364449,1935.833743835769
2024-11-05 12:15:49,0.6524333944932269,736.9855720088177
2024-11-05 12:15:50,0.6475876394214367,65.75623215253151
2024-11-05 12:15:51,0.6535205539651431,1780.0691543267392
2024-11-05 12:15:52,0.6374846057580957,913.7402575437055
2024-11-05 12:15:53,0.6644376460407327,122.09192730281728
2024-11-05 12:15:54,0.6491784882160745,98.5584630744615
2024-11-05 12:15:55,0.6611729583158813,2403.8077307843387
2024-11-05 12:15:56,0.6534272534637771,1106.242110688051
2024-11-05 12:15:57,0.6545675321915378,1767.7703195224049
2024-11-05 12:15:58,0.655697672802322,2111.7903707549413
2024-11-05 12:15:59,0.654477085600173,848.1003370649202
2024-11-05 12:16:00,0.6564272275986753,728.6631763115787
2024-11-05 12:16:01,0.6632915253013243,562.8690420945743
2024-11-05 12:16:02,0.6519652116970147,381.18222011338315
2024-11-05 12:16:03,0.6570900375758851,570.2146898831338
2024-11-05 12:16:04,0.6491026430571277,1486.6879246667258
2024-11-05 12:16:05,0.6644011721544948,921.1109078171103
2024-11-05 12:16:06,0.6432360769794073,2230.481105629336
2024-11-05 12:16:07,0.6680094043291082,585.872523921944
2024-11-05 12:16:08,0.6495984204935565,934.1736287652889
2024-11-05 12:16:09,0.6356922489788195,997.7924596909264
2024-11-05 12:16:10,0.6512810441491079,895.7461306595129
2024-11-05 12:16:11,0.6431894834252512,1212.7908125529777
2024-11-05 12:16:12,0.6584064354898873,271.06551971661276
2024-11-05 12:16:13,0.6434737602069761,718.1855969024139
2024-11-05 12:16:14,0.6455381656678523,110.06579347833083
2024-11-05 12:16:15,0.6311045926905448,485.3387374990597
2024-11-05 12:16:16,0.6454769368075093,668.7806086687532
2024-11-05 12:16:17,0.6257612067337105,1056.1974309192883
2024-11-05 12:16:18,0.6341609717651427,3006.410131231943
2024-11-05 12:16:19,0.657604146561443,917.9197243331002
2024-11-05 12:16:20,0.6578580015865083,1360.992826356592
2024-11-05 12:16:21,0.6542545756178497,705.7584888556772
2024-11-05 12:16:22,0.6403302385687079,1005.4062247174016
2024-11-05 12:16:23,0.6495228864385802,73.57357849613004
2024-11-05 12:16:24,0.6499639746090944,293.5547238851391
2024-11-05 12:16:25,0.6384163531080745,449.1867607094905
2024-11-05 12:16:26,0.6650339830176716,639.5938165672087
2024-11-05 12:16:27,0.6587736229057567,46.72348400234121
2024-11-05 12:16:28,0.6477903582617034,150.8509105379972
2024-11-05 12:16:29,0.6502688583899453,324.08925410334115
2024-11-05 12:16:30,0.6520838280794755,3558.9988992315907
2024-11-05 12:16:31,0.6295826513157571,402.490048644112
2024-11-05 12:16:32,0.6475282261747941,657.859302628751
2024-11-05 12:16:33,0.643180157520022,218.277550445643
2024-11-05 12:16:34,0.6399837999010509,943.610725139916
2024-11-05 12:16:35,0.6471889970711405,329.45342791141206
2024-11-05 12:16:36,0.6679768652684952,231.92269854925019
2024-11-05 12:16:37,0.6564084286126701,726.8541893244205
2024-11-05 12:16:38,0.6442882101021721,5.521011937309773
2024-11-05 12:16:39,0.6557258278135616,7.693552270400302
