"subject","Subject","Age_Q1","sex_birth","ARQ_risico_1","ARQ_risico_2","ARQ_risico_3","ARQ_risico_4","ARQ_risico_5","ARQ_risico_6","ARQ_risico_7","ARQ_risico_8","ARQ_risico_9","ARQ_risico_10","ARQ_risico_11","ARQ_risico_12","ARQ_risico_13","ARQ_risico_14","ARQ_risico_15","ARQ_risico_16","ARQ_risico_17","ARQ_risico_18","ARQ_risico_19","ARQ_risico_20","ARQ_risico_21","ARQ_risico_22","ARQ_ervaring_1","ARQ_ervaring_2","ARQ_ervaring_3","ARQ_ervaring_4","ARQ_ervaring_5","ARQ_ervaring_6","ARQ_ervaring_7","ARQ_ervaring_8","ARQ_ervaring_9","ARQ_ervaring_10","ARQ_ervaring_11","ARQ_ervaring_12","ARQ_ervaring_13","ARQ_ervaring_14","ARQ_ervaring_15","ARQ_ervaring_16","ARQ_ervaring_17","ARQ_ervaring_18","ARQ_ervaring_19","ARQ_ervaring_20","ARQ_ervaring_21","ARQ_ervaring_22","SVOslider_1","SVOslider_2","SVOslider_3","SVOslider_4","SVOslider_5","SVOslider_6","SVOslider_7","SVOslider_8","SVOslider_9","SVOslider_10","SVOslider_11","SVOslider_12","SVOslider_13","SVOslider_14","SVOslider_15","DOSPERT_BT3_freq_1","DOSPERT_BT3_freq_2","DOSPERT_BT3_freq_3","DOSPERT_BT3_freq_4","DOSPERT_BT3_freq_5","DOSPERT_BT3_freq_6","DOSPERT_BT3_freq_7","DOSPERT_BT3_freq_8","DOSPERT_BT3_freq_9","DOSPERT_BT3_freq_10","DOSPERT_BT3_freq_11","DOSPERT_BT3_freq_12","DOSPERT_BT3_freq_13","DOSPERT_BT3_freq_14","DOSPERT_BT3_freq_15","DOSPERT_BT3_freq_16","DOSPERT_BT3_freq_17","DOSPERT_BT3_freq_18","DOSPERT_BT3_freq_19","DOSPERT_BT3_freq_20","DOSPERT_BT3_freq_21","DOSPERT_BT3_freq_22","DOSPERT_BT3_freq_23","DOSPERT_BT3_freq_24","DOSPERT_BT3_freq_25","DOSPERT_BT3_freq_26","DOSPERT_BT3_freq_27","DOSPERT_BT3_freq_28","DOSPERT_BT3_freq_29","DOSPERT_BT3_freq_30","DOSPERT_BT3_freq_31","DOSPERT_BT3_freq_32","DOSPERT_BT3_freq_33","DOSPERT_BT3_freq_34","DOSPERT_BT3_freq_35","DOSPERT_BT3_freq_36","DOSPERT_BT3_freq_37","DOSPERT_BT3_freq_38","ARQ_BehaviouralScale_TotalScore","ARQ_BehaviouralScale_Thrillseeking","ARQ_BehaviouralScale_Rebellious","ARQ_BehaviouralScale_Reckless","ARQ_BehaviouralScale_Antisocial","ARQ_JudgementScale_TotalScore","ARQ_JudgementScale_Thrillseeking","ARQ_JudgementScale_Rebellious","ARQ_JudgementScale_Reckless","ARQ_JudgementScale_Antisocial","SVO_Item_01_Self","SVO_Item_01_Other","SVO_Item_02_Self","SVO_Item_02_Other","SVO_Item_03_Self","SVO_Item_03_Other","SVO_Item_04_Self","SVO_Item_04_Other","SVO_Item_05_Self","SVO_Item_05_Other","SVO_Item_06_Self","SVO_Item_06_Other","SVO_mean_first_six_Items_Self","SVO_mean_first_six_Items_Other","SVO_angle","SVO_type","DIA","DJG","DAL","DIC","IA_Index","s_age","softmax","criterion","alpha","beta","gender","age","ageExact","SES","SES_coded","meanprior","priorSD","priorvar","s_ageExact","logmeanprior","logcriterion","logpriorSD","priorTrust","priorCertain","f_age","ageGroup","f_ageGroup","ageGroupsmall"
"1","SLP3-001",20,1,1,2,1,2,0,0,0,2,0,2,4,0,1,2,1,4,1,1,2,2,4,3,3,1,1,0,3,3,3,0,0,0,0,4,0,0,2,0,1,0,0,0,0,0,1,9,9,4,5,9,6,5,4,7,5,9,5,1,1,7,4,1,2,4,7,1,7,1,1,5,2,2,1,7,1,1,1,7,1,3,5,2,1,2,5,3,5,7,7,7,3,5,1,1,4,7,3,21,10,6,0,5,35,6,7,16,6,85,85,100,50,85,85,63,68,75,75,85,85,82.1666666666667,74.6666666666667,37.482411427716,3,0.0555555555555556,0.166666666666667,0.527777777777778,0.472222222222222,0.25,20,31.218,0.12235,1,1,"0",20,20.94,"high SES",2,0.5,0.288675134594813,0.0833333333333333,0.793225890931839,-0.693147180559945,-2.10086948909346,-1.242453324894,3,5,"20",4,"4",6
"100","SLP3-100",13,1,2,4,2,3,2,3,2,4,1,2,3,2,3,1,1,3,4,1,3,3,4,3,1,0,0,0,1,0,2,0,0,0,0,2,1,4,0,0,0,0,0,1,0,0,1,9,9,1,5,9,6,5,5,9,5,9,5,1,1,5,6,1,3,2,2,1,3,2,2,3,5,3,2,4,4,2,1,6,3,4,4,3,4,5,3,5,5,3,3,3,2,3,3,2,2,5,2,12,4,0,0,8,56,13,14,16,13,85,85,100,50,85,85,50,100,75,75,85,85,80,80,44.999999999997,3,0.0972222222222222,0.145833333333333,0.486111111111111,0.513888888888889,0.4,13,87.666,0.10486,3.5708,3.2508,"0",13,13.08,"middle SES",1,0.523454907939486,0.178584530980792,0.0318924347056293,-1.01779467137659,-0.647304388122633,-2.25512915183775,-1.72269322694037,4,3,"13",2,"2",2
"101","SLP3-101",11,1,0,2,1,0,1,0,0,3,3,1,2,1,2,0,2,4,3,1,2,2,3,2,0,0,0,0,3,0,3,0,0,1,1,3,0,2,0,0,1,0,1,1,0,1,2,9,9,4,1,5,6,6,1,9,5,9,5,1,4,6,7,2,2,2,2,1,5,1,2,2,5,1,2,4,6,2,2,1,2,2,5,4,6,2,4,5,6,3,5,6,5,4,1,1,1,6,2,17,7,1,2,7,35,8,8,11,8,85,76,100,50,85,85,63,68,100,50,93,68,87.6666666666667,66.1666666666667,23.2291808895511,3,0.152777777777778,0.125,0.597222222222222,0.402777777777778,0.55,11,67.277,0.09721,2.2846,2.1414,"0",11,11.2,"middle SES",1,0.51617713511071,0.214537236012203,0.0460262256357556,-1.45096498398981,-0.661305287311148,-2.33088169214916,-1.53927196121736,5,2,"11",1,"1",1
"102","SLP3-102",14,1,3,4,2,4,1,2,2,4,4,4,4,2,4,2,4,4,1,4,2,4,4,4,0,0,2,0,4,2,2,0,0,0,0,2,0,3,0,0,3,0,0,1,0,0,1,9,9,4,5,9,6,5,4,7,5,8,5,3,2,3,1,1,5,1,1,1,5,1,1,1,1,1,3,1,3,2,1,1,2,3,1,1,2,1,5,3,1,5,1,1,1,5,1,1,3,3,1,19,8,2,0,9,69,20,18,18,13,85,85,100,50,85,85,63,68,75,75,85,85,82.1666666666667,74.6666666666667,37.482411427716,3,0,0.25,0.5,0.5,0,14,72.778,0.023864,3.5572,15.842,"0",14,14.48,"middle SES",1,0.183368386325209,0.0856778890706344,0.00734070067559993,-0.695221034324201,-1.69625810956226,-3.73538423176969,-2.45716049051036,6,5,"14",2,"2",3
"103","SLP3-103",12,1,2,4,3,4,1,2,1,4,0,3,4,2,4,2,3,4,2,3,3,4,4,2,0,0,2,0,1,1,0,0,0,0,0,2,0,2,0,0,0,0,1,0,0,0,NA,NA,NA,NA,NA,NA,NA,NA,NA,NA,NA,NA,NA,NA,NA,6,2,4,5,3,1,1,5,1,1,1,1,1,3,2,3,1,1,1,1,2,1,6,1,2,5,1,1,3,1,1,2,6,1,1,3,3,1,9,3,1,1,4,61,12,16,19,14,NA,NA,NA,NA,NA,NA,NA,NA,NA,NA,NA,NA,NA,NA,NA,NA,NA,NA,NA,NA,NA,12,41.492,1.49e-09,3.5914,4.6188,"0",12,12.79,"middle SES",1,0.437431487661689,0.163458760205094,0.0267187662877864,-1.08461349619459,-0.826835185077895,-20.324489716989,-1.81119455162196,4,5,"12",1,"1",2
"104","SLP3-104",15,2,1,4,3,4,0,1,0,4,1,2,4,1,3,0,3,4,4,3,4,2,4,4,0,0,0,0,3,2,2,0,0,2,0,3,0,2,0,0,3,0,0,1,0,0,2,5,7,4,5,7,5,6,5,7,4,6,4,5,4,5,3,1,3,6,7,1,5,1,2,4,2,1,5,7,2,1,1,4,2,1,7,4,1,5,3,2,6,3,2,1,5,4,1,1,3,3,1,18,5,4,0,9,56,12,14,20,10,85,76,93,33,76,89,63,68,75,75,89,76,80.1666666666667,69.5,32.8789845474121,3,0.152777777777778,0.416666666666667,0.458333333333333,0.541666666666667,0.268292682926829,15,120.31,0.080771,3.9143,3.7081,"1",15,15.58,"high SES",2,0.513525923593619,0.1702146570666,0.0289730294803001,-0.441770319497321,-0.666454766771701,-2.51613728877011,-1.77069494982567,8,5,"15",2,"2",3
"106","SLP3-106",15,2,2,4,1,4,1,4,2,4,4,4,4,2,4,0,4,4,0,1,1,3,4,4,0,0,4,0,3,0,0,0,0,0,0,1,0,3,0,0,3,0,0,0,0,0,1,9,9,1,5,9,6,5,4,7,5,7,5,3,1,7,1,1,1,1,1,1,4,1,1,1,1,1,1,7,1,1,1,1,1,1,1,5,1,3,6,7,4,7,1,4,1,7,1,1,1,5,7,14,7,0,0,7,61,15,20,17,9,85,85,100,50,85,85,50,100,75,75,85,85,80,80,44.999999999997,3,0.0277777777777778,0.25,0.472222222222222,0.527777777777778,0.1,15,104.74,0.053812,2.5909,2.6308,"1",15,15.72,"high SES",2,0.49617940517456,0.200448491406763,0.0401795977072472,-0.409512955792082,-0.700817713675357,-2.92225878835884,-1.60719796595455,5,4,"15",2,"2",3
"108","SLP3-108",14,2,1,4,1,4,1,1,0,4,3,4,3,2,2,1,3,4,1,2,2,4,3,4,3,0,1,0,2,1,4,0,0,0,1,2,1,1,0,0,1,0,0,0,0,0,1,9,9,7,1,1,1,5,1,1,8,8,5,2,8,7,6,1,2,1,1,1,5,1,1,2,7,1,4,1,1,6,1,3,1,7,1,4,1,4,7,3,1,7,1,5,6,7,1,2,6,1,1,17,10,1,1,5,54,12,16,16,10,85,85,100,50,85,85,76,36,100,50,100,50,91,59.3333333333333,12.8243981022343,2,0.333333333333333,0.520833333333333,0.833333333333333,0.166666666666667,NA,14,44.657,0.041554,1,1,"1",14,14.37,"high SES",2,0.5,0.288675134594813,0.0833333333333333,-0.72056610580689,-0.693147180559945,-3.18076149275954,-1.242453324894,4,1,"14",2,"2",3
"109","SLP3-109",14,1,1,4,3,2,1,1,0,4,1,4,3,2,2,1,2,4,2,1,2,1,3,2,0,0,0,0,2,1,4,0,0,0,0,3,0,1,0,0,1,0,0,2,0,0,1,9,9,9,1,9,2,7,1,3,9,9,8,1,6,6,2,2,2,1,1,1,3,1,1,1,1,1,2,6,3,1,1,2,1,3,2,2,3,4,3,2,6,2,2,1,1,5,1,1,1,5,3,14,6,1,0,7,46,9,15,14,8,85,85,100,50,85,85,85,15,100,50,85,85,90,61.6666666666667,16.2602047083109,2,0.375,0.375,0.875,0.125,NA,14,48.703,0.0042312,1.856,3.4988,"0",14,14.56,"middle SES",1,0.346604915216255,0.188779289280063,0.0356376200610857,-0.676788255064065,-1.0595697205656,-5.4652696382125,-1.66717672789769,7,6,"14",2,"2",3
"11","SLP3-011",20,1,1,2,2,1,1,0,0,3,1,1,2,0,2,1,0,3,1,2,1,3,3,3,2,1,0,0,0,4,1,1,0,2,1,4,1,1,4,0,2,0,2,0,1,0,1,9,9,4,5,8,6,6,3,7,6,7,5,2,2,6,4,6,4,3,7,2,6,1,4,5,7,4,5,7,4,6,1,6,5,1,7,5,5,6,6,6,7,7,7,6,6,6,1,4,3,4,4,27,3,12,4,8,33,10,6,10,7,85,85,100,50,85,85,63,68,75,75,87,81,82.5,74,36.4444417565847,3,0.0694444444444444,0.229166666666667,0.541666666666667,0.458333333333333,0.232558139534884,20,142.71,0.066991,5.3108,4.2662,"0",20,20.86,"high SES",2,0.55453691135011,0.152823393590366,0.023354989628476,0.774793111671702,-0.589621907499872,-2.70319699697224,-1.87847231455485,6,3,"20",4,"4",6
"110","SLP3-110",14,2,2,4,2,3,2,0,0,4,4,1,3,1,4,2,1,3,2,0,3,3,4,3,2,0,0,0,2,1,3,0,0,1,0,2,0,1,0,0,1,0,0,0,0,0,1,8,1,4,5,9,9,5,4,7,5,6,5,3,1,5,3,1,2,4,4,1,4,1,1,2,4,1,1,7,6,3,1,2,2,1,7,3,3,4,3,1,7,5,5,5,3,6,1,1,3,7,4,13,7,2,0,4,51,13,10,16,12,85,85,98,46,50,100,63,68,75,75,85,85,76,76.5,45.5456575934127,3,0.0833333333333333,0.208333333333333,0.416666666666667,0.583333333333333,0.285714285714286,14,261.65,0.069949,8.6645,8.8113,"1",14,14.77,"high SES",2,0.495799906155941,0.116319641500868,0.0135302589988905,-0.628402209506206,-0.701582848659118,-2.6599888738985,-2.15141334720934,3,3,"14",2,"2",3
"111","SLP3-111",15,1,2,3,3,4,2,1,1,4,1,4,4,2,4,3,4,4,3,2,4,2,4,4,0,0,0,0,1,2,1,0,3,0,0,2,0,1,0,0,0,0,0,1,0,0,1,9,9,5,1,9,5,9,1,5,9,9,9,1,1,5,4,1,2,1,1,1,5,1,2,3,1,1,1,5,1,2,1,7,2,1,7,1,1,2,1,3,5,1,1,1,1,3,1,3,5,3,1,11,5,2,0,4,65,15,16,20,14,85,85,100,50,85,85,68,58,100,50,85,85,87.1666666666667,68.8333333333333,26.872538991654,3,0.305555555555556,0.166666666666667,0.777777777777778,0.222222222222222,NA,15,124.78,0.093997,3.9501,4.9592,"0",15,15.26,"high SES",2,0.443368165849169,0.157813730262444,0.0249051734593476,-0.515501436537868,-0.813354779936284,-2.36449241211504,-1.84633986382042,0,5,"15",2,"2",3
"112","SLP3-112",14,1,0,2,2,3,1,0,0,4,1,2,3,0,3,2,3,4,0,2,3,3,4,4,4,0,0,0,1,1,1,0,0,0,0,3,0,2,0,0,3,0,0,2,0,0,1,9,9,4,5,9,6,5,4,7,5,8,5,3,2,6,7,5,5,1,5,1,5,1,1,3,7,2,5,7,4,6,2,5,5,4,6,6,3,5,3,2,2,3,6,6,4,5,1,2,1,2,1,17,6,1,0,10,46,10,11,17,8,85,85,100,50,85,85,63,68,75,75,85,85,82.1666666666667,74.6666666666667,37.482411427716,3,0,0.25,0.5,0.5,0,14,264.29,0.05602,7.8218,20.903,"0",14,14.64,"high SES",2,0.272301286693032,0.0816471781875816,0.00666626170599469,-0.658355475803928,-1.3008461540362,-2.88204650915017,-2.50534802002102,6,4,"14",2,"2",3
"113","SLP3-113",16,2,2,3,2,3,1,2,1,3,4,2,2,1,1,1,1,3,1,3,1,2,4,2,1,0,2,0,3,0,0,0,0,1,0,1,1,1,0,0,0,0,0,0,0,0,1,8,7,2,5,9,6,4,3,7,6,7,5,3,2,6,1,4,2,1,4,1,2,1,1,4,1,1,2,7,4,1,1,5,1,5,7,5,3,4,4,4,3,5,2,7,4,4,3,1,1,1,1,10,6,1,0,3,45,15,11,13,6,85,85,98,46,76,89,54,89,75,75,85,85,78.8333333333333,78.1666666666667,44.3299044777726,3,0.0555555555555556,0.25,0.5,0.5,0.181818181818182,16,29.175,0.027125,1,1,"1",16,16.84,"high SES",2,0.5,0.288675134594813,0.0833333333333333,-0.151454046150168,-0.693147180559945,-3.60729946712151,-1.242453324894,3,4,"16",3,"3",4
"114","SLP3-114",10,1,NA,NA,NA,NA,NA,NA,NA,NA,NA,NA,NA,NA,NA,NA,NA,NA,NA,NA,NA,NA,NA,NA,NA,NA,NA,NA,NA,NA,NA,NA,NA,NA,NA,NA,NA,NA,NA,NA,NA,NA,NA,NA,NA,NA,1,9,8,4,5,5,6,5,4,6,5,6,5,5,4,5,5,2,1,5,1,1,2,1,1,1,3,1,1,7,2,1,1,1,1,2,5,1,2,1,2,1,6,1,2,1,2,3,1,1,1,7,3,NA,NA,NA,NA,NA,NA,NA,NA,NA,NA,85,85,100,50,81,87,63,68,75,75,93,68,82.8333333333333,72.1666666666667,34.0243448271852,3,0.0972222222222222,0.395833333333333,0.486111111111111,0.513888888888889,0.197183098591549,10,195.54,0.034064,6.3887,24.415,"0",10,10.92,"high SES",2,0.207400409691044,0.0718940422658662,0.00516875331332615,-1.51547971140029,-1.57310400782201,-3.37951417083101,-2.63256187908101,3,5,"10",1,"1",1
"115","SLP3-115",13,1,1,4,1,3,1,1,1,4,2,2,3,1,3,1,3,3,1,2,1,1,2,3,4,0,0,0,2,0,4,0,0,0,0,2,0,1,0,0,1,0,0,0,0,0,1,9,9,4,5,9,6,5,4,7,5,8,5,3,2,6,5,4,3,4,1,1,4,1,1,3,6,1,1,5,1,1,1,3,1,2,3,4,2,2,4,4,5,4,1,3,3,2,1,1,2,4,4,14,10,0,0,4,44,11,14,12,7,85,85,100,50,85,85,63,68,75,75,85,85,82.1666666666667,74.6666666666667,37.482411427716,3,0,0.25,0.5,0.5,0,13,166000,0.0001632,29239,23.436,"0",13,13.08,"high SES",2,0.999199109739189,0.00016536738790446,2.73463729823443e-08,-1.01779467137659,-0.000801211144755793,-8.72053411543427,-8.70734096588885,6,4,"13",2,"2",2
"116","SLP3-116",11,2,1,4,2,3,0,1,1,4,2,4,4,3,2,1,4,4,1,2,4,2,4,2,4,0,1,0,3,0,1,0,0,0,0,1,1,2,0,0,1,0,0,1,0,0,3,9,9,5,1,1,1,9,1,1,7,6,6,1,5,3,6,1,3,1,2,1,2,1,1,1,6,1,1,6,4,1,1,1,2,1,3,1,2,1,1,6,6,1,1,1,3,6,1,3,1,3,4,15,9,0,0,6,55,10,17,19,9,85,68,100,50,85,85,68,58,100,50,100,50,89.6666666666667,60.1666666666667,14.3756024581218,2,0.388888888888889,0.479166666666667,0.833333333333333,0.166666666666667,NA,11,20.421,0.10057,1.7949,1,"1",11,11.04,"middle SES",1,0.642205445633117,0.246067177079344,0.0605490556357971,-1.48783054251008,-0.442847017709737,-2.29690127652575,-1.40215070277036,4,5,"11",1,"1",1
"117","SLP3-117",10,2,NA,NA,NA,NA,NA,NA,NA,NA,NA,NA,NA,NA,NA,NA,NA,NA,NA,NA,NA,NA,NA,NA,NA,NA,NA,NA,NA,NA,NA,NA,NA,NA,NA,NA,NA,NA,NA,NA,NA,NA,NA,NA,NA,NA,1,9,9,5,5,9,6,5,4,7,5,8,5,3,3,3,5,1,1,2,1,1,5,1,1,1,6,1,2,7,3,1,1,1,1,3,7,1,2,1,7,2,7,1,1,1,4,4,2,1,1,7,1,NA,NA,NA,NA,NA,NA,NA,NA,NA,NA,85,85,100,50,85,85,68,58,75,75,85,85,83,73,34.8753283445999,3,0.0138888888888889,0.270833333333333,0.513888888888889,0.486111111111111,0.0487804878048781,10,22.87,0.032045,1,2.2085,"1",11,11.04,"middle SES",1,0.311672120928783,0.225778712636089,0.0509760270796096,-1.48783054251008,-1.16580353820843,-3.44061411402595,-1.48819990701596,6,2,"11",1,"1",1
"118","SLP3-118",10,2,NA,NA,NA,NA,NA,NA,NA,NA,NA,NA,NA,NA,NA,NA,NA,NA,NA,NA,NA,NA,NA,NA,NA,NA,NA,NA,NA,NA,NA,NA,NA,NA,NA,NA,NA,NA,NA,NA,NA,NA,NA,NA,NA,NA,2,9,8,5,4,8,5,6,3,5,6,8,6,2,3,6,4,1,2,2,1,1,3,1,1,1,1,1,2,6,4,1,1,1,2,2,4,3,1,4,4,2,3,1,1,2,1,3,1,3,3,3,1,NA,NA,NA,NA,NA,NA,NA,NA,NA,NA,85,76,100,50,81,87,68,58,81,69,87,81,83.6666666666667,70.1666666666667,30.9220261829223,3,0.125,0.291666666666667,0.625,0.375,0.3,10,587.46,0.036172,29.886,63.303,"1",10,10.5,"high SES",2,0.320703087274249,0.0480929367585733,0.00231293056606413,-1.612251802516,-1.13723954565568,-3.3194699401039,-3.0346199575893,5,3,"10",1,"1",1
"119","SLP3-119",10,2,NA,NA,NA,NA,NA,NA,NA,NA,NA,NA,NA,NA,NA,NA,NA,NA,NA,NA,NA,NA,NA,NA,NA,NA,NA,NA,NA,NA,NA,NA,NA,NA,NA,NA,NA,NA,NA,NA,NA,NA,NA,NA,NA,NA,1,9,1,2,9,9,7,1,1,9,1,1,1,1,1,5,1,1,1,2,1,1,2,1,1,1,2,1,1,3,2,1,1,1,1,1,2,1,1,2,1,2,2,5,1,1,1,3,1,1,6,2,1,NA,NA,NA,NA,NA,NA,NA,NA,NA,NA,85,85,100,50,50,100,54,89,50,100,85,85,70.6666666666667,84.8333333333333,59.3192831250148,4,0.388888888888889,0.208333333333333,0.25,0.75,NA,10,955.92,0.041691,39.745,62.348,"1",10,10.04,"middle SES",1,0.389301911002713,0.0480221897472543,0.0023061307081213,-1.71824028326179,-0.94340011556012,-3.17747000080958,-3.03609208849455,4,3,"10",1,"1",1
"12","SLP3-012",23,2,2,3,3,1,1,1,0,4,2,3,4,0,2,0,2,4,1,0,3,1,4,1,1,1,0,3,1,4,4,1,0,3,0,4,0,1,4,0,1,0,0,1,0,0,4,8,9,8,5,5,3,3,2,1,5,7,5,4,4,6,6,4,5,1,7,4,3,1,2,1,7,6,5,7,4,6,1,7,3,1,6,5,1,6,2,1,6,7,7,7,4,2,1,1,7,3,3,29,6,13,3,7,42,9,13,16,4,85,59,98,46,85,85,81,26,75,75,93,68,86.1666666666667,59.8333333333333,15.2104262164011,2,0.236111111111111,0.479166666666667,0.625,0.375,NA,23,71.152,0.091351,2.1458,1,"1",23,23.4,"high SES",2,0.682115836989001,0.228696405538367,0.052302045906169,1.36003385318104,-0.382555786603896,-2.39304604931054,-1.47535989500579,6,3,"23",5,"5",7
"120","SLP3-120",12,2,1,4,2,4,0,1,0,4,1,4,4,3,2,2,4,4,2,1,3,4,4,3,4,0,0,0,3,0,2,0,0,0,0,2,0,0,0,0,1,0,0,0,0,0,1,9,9,4,5,9,6,5,4,7,5,8,5,3,2,7,1,1,1,2,1,1,2,1,1,1,2,1,1,1,1,1,1,1,1,1,1,1,1,1,2,2,1,1,1,1,1,1,1,1,1,1,1,12,9,0,0,3,57,8,17,19,13,85,85,100,50,85,85,63,68,75,75,85,85,82.1666666666667,74.6666666666667,37.482411427716,3,0,0.25,0.5,0.5,0,12,174.32,0.071774,8.468,9.2267,"1",12,12.6,"high SES",2,0.478561377135527,0.115534362055318,0.0133481888155293,-1.12839134693741,-0.736970806439297,-2.63423298549979,-2.15818728629426,8,5,"12",1,"1",2
"122","SLP3-122",11,1,1,4,0,4,1,2,0,3,4,3,4,2,4,2,3,4,3,4,3,4,4,4,2,0,4,0,1,0,1,0,0,0,0,0,0,1,0,0,0,0,0,0,0,0,1,9,9,4,5,9,6,5,4,7,5,8,5,3,2,4,4,5,2,4,1,1,5,1,1,2,3,1,5,2,2,1,1,1,1,1,1,1,3,3,5,4,1,4,1,1,1,4,1,1,2,4,2,9,8,0,0,1,63,14,15,19,15,85,85,100,50,85,85,63,68,75,75,85,85,82.1666666666667,74.6666666666667,37.482411427716,3,0,0.25,0.5,0.5,0,11,34.032,8.87e-10,2.2573,13.653,"0",11,11.84,"high SES",2,0.141876645946337,0.0848505498681528,0.00719961581292789,-1.30350274990871,-1.95279728942989,-20.843176133619,-2.46686380684968,5,5,"11",1,"1",1
"123","SLP3-123",12,2,2,4,3,4,1,1,1,4,2,1,4,1,1,0,3,4,0,3,2,1,4,2,0,0,0,0,3,0,3,0,0,0,0,1,1,0,0,0,2,0,0,1,0,0,9,1,9,9,1,6,3,6,5,2,7,5,4,7,4,7,5,2,2,1,1,1,6,1,2,1,1,1,3,4,5,2,1,1,1,2,6,4,5,3,5,2,1,6,1,6,1,3,1,1,6,1,1,11,6,0,0,5,48,14,13,18,3,85,15,85,15,85,85,85,15,100,50,91,72,88.5,42,-11.7385712067216,2,0.305555555555556,0.625,0.555555555555556,0.444444444444444,NA,12,58.166,8.32e-08,3.0422,6.9284,"1",12,12.95,"middle SES",1,0.305117044109682,0.139018908280696,0.0193262568595567,-1.04774793767432,-1.18705982480909,-16.3020184891192,-1.97314532430642,3,5,"12",1,"1",2
"124","SLP3-124",12,2,3,4,2,4,1,2,1,4,4,4,4,0,4,1,4,4,2,4,3,4,4,4,2,0,0,0,1,0,4,0,0,0,0,2,0,2,0,0,1,0,0,1,0,0,1,9,1,4,5,9,6,5,4,7,5,8,5,3,2,7,7,1,4,2,1,1,1,1,1,1,3,1,1,7,1,1,1,1,2,4,6,1,1,2,2,4,1,2,1,1,6,3,1,3,1,1,3,13,7,0,0,6,67,19,18,19,11,85,85,100,50,50,100,63,68,75,75,85,85,76.3333333333333,77.1666666666667,45.8923854587375,3,0,0.25,0.5,0.5,0,12,93086,0.0047991,1231.2,5304,"1",12,12.35,"high SES",2,0.188395152405435,0.00483664833577457,2.33931671239509e-05,-1.18599378212534,-1.66921364750299,-5.33932687864861,-5.33153329074591,4,5,"12",1,"1",2
"125","SLP3-125",15,1,1,3,2,4,2,2,1,3,1,3,4,1,3,2,3,4,0,2,2,3,4,2,4,0,1,0,2,0,4,0,0,0,0,3,0,1,0,0,4,0,0,3,0,0,1,9,9,4,5,9,6,5,4,7,5,8,5,3,2,5,7,3,3,2,2,2,3,1,2,3,1,1,2,6,3,1,1,2,1,4,6,4,3,4,3,6,6,4,3,6,3,5,1,2,3,6,2,22,11,0,0,11,52,11,14,18,9,85,85,100,50,85,85,63,68,75,75,85,85,82.1666666666667,74.6666666666667,37.482411427716,3,0,0.25,0.5,0.5,0,15,107.95,0.041257,2.2998,2.6458,"0",15,15.62,"high SES",2,0.465019411193788,0.204553403116766,0.0418420947266501,-0.432553929867253,-0.765676129763287,-3.18793448362865,-1.58692619765509,4,3,"15",2,"2",3
"126","SLP3-126",10,2,NA,NA,NA,NA,NA,NA,NA,NA,NA,NA,NA,NA,NA,NA,NA,NA,NA,NA,NA,NA,NA,NA,NA,NA,NA,NA,NA,NA,NA,NA,NA,NA,NA,NA,NA,NA,NA,NA,NA,NA,NA,NA,NA,NA,1,9,9,4,5,9,6,5,4,7,5,8,5,3,4,6,6,4,1,6,1,1,5,1,2,1,6,3,3,7,1,1,1,3,4,3,3,2,1,3,4,4,3,1,1,1,1,4,1,1,2,7,7,NA,NA,NA,NA,NA,NA,NA,NA,NA,NA,85,85,100,50,85,85,63,68,75,75,85,85,82.1666666666667,74.6666666666667,37.482411427716,3,0.0277777777777778,0.291666666666667,0.527777777777778,0.472222222222222,0.0869565217391304,10,14500000,2.99e-12,12900000,1.0007,"1",10,10.35,"high SES",2,0.999999922426363,7.75464948524815e-08,6.01345886390594e-15,-1.64681326362876,-7.75736404114074e-08,-26.535747728526,-16.3723881468949,7,6,"10",1,"1",1
"127","SLP3-127",10,1,NA,NA,NA,NA,NA,NA,NA,NA,NA,NA,NA,NA,NA,NA,NA,NA,NA,NA,NA,NA,NA,NA,NA,NA,NA,NA,NA,NA,NA,NA,NA,NA,NA,NA,NA,NA,NA,NA,NA,NA,NA,NA,NA,NA,2,8,6,3,3,3,2,5,4,7,7,7,7,2,4,5,7,2,1,3,1,1,2,1,2,1,5,1,5,7,1,1,2,1,2,1,3,1,2,1,4,1,2,1,1,1,1,3,1,1,1,3,1,NA,NA,NA,NA,NA,NA,NA,NA,NA,NA,85,76,98,46,72,91,59,79,88,63,96,59,83,69,29.9315118405058,3,0.166666666666667,0.375,0.638888888888889,0.361111111111111,NA,10,90.534,0.051411,6.6721,9.1695,"0",10,10.01,"high SES",2,0.421175891324109,0.120313229225837,0.0144752731267487,-1.72515257548434,-0.864704738432394,-2.96790312163532,-2.11765669342054,3,6,"10",1,"1",1
"129","SLP3-129",13,1,1,4,0,3,0,0,1,4,3,3,2,0,4,0,3,4,3,1,1,2,4,1,4,0,2,0,4,1,4,0,0,0,0,4,0,2,0,0,1,0,0,2,0,0,2,9,8,4,5,8,6,4,4,6,5,7,5,4,5,6,7,1,2,1,1,1,6,1,1,2,7,1,1,7,2,2,1,2,1,1,7,4,2,3,4,1,7,5,4,5,7,4,1,1,1,7,6,24,14,1,0,9,44,7,14,14,9,85,76,100,50,81,87,63,68,75,75,87,81,81.8333333333333,72.8333333333333,35.6510224107104,3,0.0972222222222222,0.375,0.513888888888889,0.486111111111111,0.205882352941176,13,478.12,0.05952,11.056,27.007,"0",13,13.16,"high SES",2,0.29046580668891,0.0726359089325207,0.00527597526645345,-0.999361892116457,-1.23626941464752,-2.8214428884573,-2.62229586603667,5,5,"13",2,"2",2
"130","SLP3-130",13,2,3,4,1,4,1,3,0,4,2,3,4,1,4,2,3,4,1,4,2,3,4,3,0,0,2,0,2,0,1,0,0,0,0,1,0,1,0,0,1,0,0,0,0,0,1,9,9,4,5,9,6,5,4,7,5,8,5,3,2,6,1,1,1,2,1,1,2,1,1,1,1,1,1,7,3,1,1,1,2,1,1,1,3,1,5,4,1,6,1,1,1,2,1,2,3,5,1,8,5,0,0,3,60,14,17,18,11,85,85,100,50,85,85,63,68,75,75,85,85,82.1666666666667,74.6666666666667,37.482411427716,3,0,0.25,0.5,0.5,0,13,45.513,8.1e-10,4.4114,2.6931,"1",13,13.75,"middle SES",1,0.620930396227743,0.170418927366905,0.0290426108048863,-0.863420145072949,-0.476536286699642,-20.9339868682621,-1.76949559465856,5,6,"13",2,"2",2
"131","SLP3-131",10,2,NA,NA,NA,NA,NA,NA,NA,NA,NA,NA,NA,NA,NA,NA,NA,NA,NA,NA,NA,NA,NA,NA,NA,NA,NA,NA,NA,NA,NA,NA,NA,NA,NA,NA,NA,NA,NA,NA,NA,NA,NA,NA,NA,NA,2,9,9,5,5,8,6,6,3,5,5,9,6,3,4,4,4,3,2,6,1,1,1,1,1,1,1,1,1,1,4,1,1,1,3,1,4,1,1,2,3,4,2,1,1,2,2,4,1,1,2,5,2,NA,NA,NA,NA,NA,NA,NA,NA,NA,NA,85,76,100,50,85,85,68,58,75,75,87,81,83.3333333333333,70.8333333333333,32.0053832080814,3,0.111111111111111,0.291666666666667,0.611111111111111,0.388888888888889,0.275862068965517,10,35.733,3.9e-10,6.7437,6.1714,"1",10,10.93,"high SES",2,0.522156235724075,0.133905997816772,0.0179308162513054,-1.51317561399277,-0.649788433728052,-21.6648743768049,-2.01061723403374,5,3,"10",1,"1",1
"133","SLP3-133",14,2,1,4,2,4,1,3,0,4,1,4,3,2,3,1,3,4,3,3,3,4,4,4,2,0,0,0,3,1,4,0,0,0,0,2,0,1,0,0,2,0,0,0,0,0,2,7,9,5,5,9,5,8,3,4,6,8,6,2,4,6,4,1,2,5,1,1,4,1,1,1,4,1,1,5,3,2,1,4,2,3,5,1,2,3,4,3,2,2,1,4,5,3,2,2,2,5,3,15,9,1,0,5,61,12,18,18,13,85,76,96,41,85,85,68,58,75,75,85,85,82.3333333333333,70,31.7391407958131,3,0.180555555555556,0.333333333333333,0.680555555555556,0.319444444444444,NA,14,49.173,0.02674,1.3922,5.6295,"1",14,14.31,"high SES",2,0.198271073956449,0.140770044545408,0.0198162054413161,-0.734390690251992,-1.61812012421019,-3.62159470730834,-1.96062760970125,6,5,"14",2,"2",3
"134","SLP3-134",13,2,1,4,0,3,1,2,0,4,2,3,4,1,3,2,4,4,2,2,3,2,4,2,0,0,4,0,2,0,2,0,0,0,0,4,0,1,0,0,1,0,0,0,0,0,1,9,9,4,5,8,5,5,3,6,5,8,5,2,2,6,3,2,2,4,3,1,6,1,1,1,3,1,2,6,4,2,1,2,1,2,5,5,1,2,2,3,5,4,4,4,3,4,1,2,3,5,3,14,8,0,0,6,53,8,17,18,10,85,85,100,50,85,85,63,68,75,75,87,81,82.5,74,36.4444417565847,3,0.0555555555555556,0.25,0.555555555555556,0.444444444444444,0.181818181818182,13,33.229,3.32e-08,1.3046,5.5787,"1",13,13.51,"middle SES",1,0.189531184170383,0.139590050914016,0.0194853823141775,-0.918718482853359,-1.66320170773234,-17.220715961024,-1.96904535971783,5,4,"13",2,"2",2
"135","SLP3-135",11,2,1,4,3,1,2,2,1,3,2,3,4,2,3,1,3,4,1,3,2,2,3,3,2,0,1,0,1,0,4,0,0,0,0,2,0,2,0,0,2,0,0,0,0,0,1,8,9,5,5,7,6,5,4,5,5,8,5,3,4,1,1,1,1,1,1,1,3,1,1,1,3,1,3,3,1,1,1,1,1,3,1,1,1,3,2,3,1,1,1,1,1,2,1,1,2,5,1,14,8,0,0,6,53,15,15,14,9,85,85,98,46,85,85,68,58,75,75,89,76,83.3333333333333,70.8333333333333,32.0053832080814,3,0.0555555555555556,0.333333333333333,0.555555555555556,0.444444444444444,0.142857142857143,11,30.801,0.12265,1.1478,1,"1",11,11.98,"middle SES",1,0.534407300493528,0.28114845848136,0.0790444557064451,-1.27124538620347,-0.626596995749854,-2.09842050827764,-1.2688724271636,3,4,"11",1,"1",1
"136","SLP3-136",11,2,3,4,2,4,2,3,1,4,3,4,4,2,3,2,4,4,2,2,3,3,4,4,0,0,1,0,1,0,4,0,0,0,0,2,0,2,0,0,0,0,0,1,0,0,1,9,9,5,5,9,6,5,4,9,5,8,5,3,3,7,3,1,2,7,1,1,6,1,1,1,1,1,2,1,2,1,1,1,1,1,2,1,1,2,6,1,1,1,1,1,1,1,1,1,5,2,1,11,6,0,0,5,67,17,19,19,12,85,85,100,50,85,85,68,58,75,75,85,85,83,73,34.8753283445999,3,0.0416666666666667,0.229166666666667,0.486111111111111,0.513888888888889,0.153846153846154,11,63.074,0.041673,1,9.4868,"1",11,11.94,"middle SES",1,0.095357973833772,0.0866597351304091,0.00750990969287266,-1.28046177583354,-2.35011732343936,-3.17790184189878,-2.44576591909774,4,4,"11",1,"1",1
"137","SLP3-137",10,2,NA,NA,NA,NA,NA,NA,NA,NA,NA,NA,NA,NA,NA,NA,NA,NA,NA,NA,NA,NA,NA,NA,NA,NA,NA,NA,NA,NA,NA,NA,NA,NA,NA,NA,NA,NA,NA,NA,NA,NA,NA,NA,NA,NA,1,9,1,1,1,1,1,9,1,9,1,1,9,1,1,7,2,2,2,5,1,1,5,1,2,2,2,2,2,7,5,1,2,1,1,2,1,1,2,2,2,3,1,1,1,1,1,6,1,2,4,4,1,NA,NA,NA,NA,NA,NA,NA,NA,NA,NA,85,85,100,50,50,100,50,100,100,50,100,50,80.8333333333333,72.5,36.1193408494774,3,0.444444444444444,0.333333333333333,0.555555555555556,0.444444444444444,0.571428571428572,10,167000,0.0089767,1393.6,1647.7,"1",10,10.89,"high SES",2,0.458225101108079,0.00903332964892182,8.160104454609e-05,-1.52239200362284,-0.780394728472651,-4.71312294750278,-4.70683424763311,5,7,"10",1,"1",1
"138","SLP3-138",14,2,1,3,3,3,2,2,1,4,3,3,4,2,4,3,3,4,3,4,4,4,4,4,1,0,0,0,3,0,4,0,0,1,0,1,0,0,0,0,0,0,0,0,0,0,1,9,9,5,5,9,5,5,4,7,5,8,5,5,2,7,5,2,1,2,5,1,4,1,1,1,4,2,2,4,2,2,1,1,2,2,4,3,2,3,4,2,3,1,2,7,2,3,2,2,5,3,2,10,8,1,0,1,68,18,15,19,16,85,85,100,50,85,85,68,58,75,75,85,85,83,73,34.8753283445999,3,0.0416666666666667,0.3125,0.486111111111111,0.513888888888889,0.117647058823529,14,90.737,0.061148,3.9863,4.1175,"1",14,14.79,"high SES",2,0.491905032207113,0.165692070685001,0.0274538622878833,-0.623794014691172,-0.709469605090636,-2.79445812384335,-1.79762420913458,7,5,"14",2,"2",3
"139","SLP3-139",15,2,1,4,2,4,1,0,0,4,3,2,3,1,4,2,3,3,1,1,1,3,4,3,2,0,0,0,2,0,4,0,0,0,0,4,0,1,0,0,2,0,0,0,0,0,2,9,9,5,5,8,6,6,4,5,6,7,5,6,3,7,7,1,1,1,1,1,4,1,1,1,1,1,2,1,3,1,1,2,1,2,3,1,1,4,4,1,1,3,1,1,3,2,1,1,1,1,1,15,8,0,0,7,50,11,13,15,11,85,76,100,50,85,85,68,58,75,75,87,81,83.3333333333333,70.8333333333333,32.0053832080814,3,0.125,0.395833333333333,0.513888888888889,0.486111111111111,0.24,15,54.561,0.033853,1.6318,3.6164,"1",15,15.37,"high SES",2,0.310925650699287,0.185175640933208,0.0342900179950245,-0.490156365055181,-1.16820146065916,-3.38572765725846,-1.68645049385908,5,3,"15",2,"2",3
"14","SLP3-014",20,2,2,2,3,4,2,1,1,3,3,1,4,2,3,1,2,4,2,3,3,3,4,2,3,2,3,0,0,4,1,4,0,2,0,3,0,0,4,0,3,0,1,1,0,0,1,9,9,4,5,9,6,5,4,7,5,8,5,3,2,7,4,5,2,1,7,1,6,1,1,1,5,2,1,7,2,3,1,7,2,1,1,2,2,4,7,2,1,7,5,5,2,6,1,2,5,2,1,31,7,16,1,7,55,16,9,19,11,85,85,100,50,85,85,63,68,75,75,85,85,82.1666666666667,74.6666666666667,37.482411427716,3,0,0.25,0.5,0.5,0,20,69.034,0.031557,2.2722,2.4401,"1",20,20.82,"low SES",0,0.48218492031492,0.209068524930196,0.043709648116488,0.765576722041634,-0.729427586401544,-3.45595984455689,-1.5650932102757,7,6,"20",4,"4",6
"140","SLP3-140",16,2,2,4,3,4,2,2,2,4,3,3,4,1,3,1,3,4,2,2,1,2,2,1,1,0,0,0,1,2,4,1,0,2,0,3,0,3,3,0,1,0,3,1,1,0,2,3,8,4,3,6,6,7,5,8,5,8,5,2,1,6,2,1,2,1,6,1,6,1,1,3,3,2,2,6,4,2,1,5,1,4,3,6,4,3,3,5,4,3,3,4,3,4,1,1,2,6,2,26,6,8,4,8,55,15,16,15,9,85,76,89,24,81,87,63,68,88,63,91,72,82.8333333333333,65,24.5534230834279,3,0.0833333333333333,0.208333333333333,0.5,0.5,0.285714285714286,16,27.939,2.9e-09,1.2064,1.6632,"1",16,16.07,"middle SES",1,0.420407025369389,0.250936306608933,0.0629690299745325,-0.328869546528984,-0.866531928964381,-19.658555099954,-1.38255613058264,8,6,"16",3,"3",4
"141","SLP3-141",16,1,1,2,2,3,0,0,0,2,0,0,1,0,1,0,0,2,1,0,0,0,1,2,4,0,0,0,1,4,4,0,0,2,0,4,0,2,4,0,2,0,3,3,0,0,2,9,9,5,3,8,5,7,3,6,6,9,5,2,3,7,1,5,3,5,7,2,7,6,1,7,6,2,7,1,4,5,4,4,1,5,1,3,5,7,7,7,1,7,7,4,4,7,5,4,5,7,7,33,9,10,3,11,18,5,4,7,2,85,76,100,50,85,85,68,58,88,63,87,81,85.5,68.8333333333333,27.9466852312972,3,0.125,0.25,0.625,0.375,0.333333333333333,16,70.769,1.86e-09,1.1158,1.3212,"0",14,16.82,"middle SES",1,0.457858022158391,0.268739909015361,0.0722211386975843,-0.156062240965202,-0.781196138213778,-20.1026893492213,-1.31401124809502,5,4,"14",2,"2",3
"142","SLP3-142",14,1,3,3,4,4,2,1,0,3,4,3,2,0,4,1,3,4,3,4,2,1,4,3,3,0,0,0,1,0,1,0,0,1,0,3,0,2,0,0,3,0,0,1,0,0,2,8,8,5,3,6,5,6,3,5,6,8,6,1,4,6,1,5,5,6,4,1,4,2,1,1,1,1,1,1,6,2,5,7,2,6,7,1,1,5,2,2,1,6,1,2,3,6,5,1,7,2,1,15,5,1,0,9,58,20,13,16,9,85,76,98,46,81,87,68,58,88,63,91,72,85.1666666666667,67,25.799695067903,3,0.152777777777778,0.291666666666667,0.652777777777778,0.347222222222222,0.34375,14,65.939,0.054878,4.2197,3.4862,"0",16,14.73,"middle SES",1,0.547593402457857,0.168688987367243,0.0284559744589858,-0.637618599136274,-0.602222233745139,-2.90264273937726,-1.77969857094902,5,5,"16",3,"3",4
"143","SLP3-143",11,1,1,4,0,4,0,2,0,4,1,4,3,2,4,1,3,2,3,1,2,4,4,3,0,4,2,4,0,1,0,4,1,4,3,1,4,1,3,4,3,1,3,4,4,4,1,9,9,4,5,9,6,5,4,7,5,8,5,3,2,6,7,1,2,2,1,1,5,1,1,1,6,1,3,7,2,2,1,1,1,1,1,1,1,5,2,1,1,1,1,1,1,2,1,1,4,6,1,55,8,16,18,13,52,6,17,15,14,85,85,100,50,85,85,63,68,75,75,85,85,82.1666666666667,74.6666666666667,37.482411427716,3,0,0.25,0.5,0.5,0,11,6928.4,0.0015465,169.89,6119.1,"0",11,11.73,"high SES",2,0.0270138766320188,0.00204419255299736,4.17872319372986e-06,-1.3288478213914,-3.6114045956705,-6.47176096583915,-6.19275240706715,4,5,"11",1,"1",1
"144","SLP3-144",12,1,2,4,3,4,1,1,1,4,3,4,4,3,4,2,4,4,3,2,3,3,4,3,4,0,0,0,1,0,4,0,0,0,0,1,0,1,0,0,0,0,0,0,0,0,1,8,8,4,5,8,6,5,4,7,5,8,5,3,2,6,7,1,2,1,1,1,2,1,1,1,1,1,1,7,1,1,1,1,1,1,4,3,1,1,1,3,2,2,1,2,2,2,1,1,1,6,6,11,9,0,0,2,66,15,17,19,15,85,85,98,46,81,87,63,68,75,75,87,81,81.5,73.6666666666667,36.918371221005,3,0,0.25,0.5,0.5,0,12,82.603,0.038961,4.2371,12.602,"0",12,12.08,"high SES",2,0.25162271142757,0.102742173411505,0.0105559541973198,-1.2482044121283,-1.37982449023465,-3.24519413318607,-2.27553259968453,5,5,"12",1,"1",2
"145","SLP3-145",24,2,2,2,3,4,2,1,0,3,4,4,4,0,4,1,1,3,2,0,2,4,4,2,1,1,1,0,0,3,1,2,0,0,0,4,0,1,2,0,2,0,0,0,0,0,1,9,9,1,5,9,6,5,4,9,5,8,5,3,2,4,6,6,1,1,7,1,4,1,1,2,1,1,6,7,2,6,1,6,1,1,6,1,1,2,3,1,6,6,6,6,5,2,1,1,1,6,3,18,3,8,0,7,52,13,11,17,11,85,85,100,50,85,85,50,100,75,75,85,85,80,80,44.999999999997,3,0.0277777777777778,0.208333333333333,0.472222222222222,0.527777777777778,0.117647058823529,24,197.88,0.065072,4.4504,5.8435,"1",24,24.51,"middle SES",1,0.432333712198486,0.147412439618105,0.0217304273541613,1.61578866541544,-0.838557507007695,-2.73226092981727,-1.9145209091779,7,5,"24",5,"5",7
"146","SLP3-146",24,1,2,4,1,3,2,1,0,4,2,3,4,1,3,2,1,4,1,3,2,3,4,4,2,1,0,2,1,3,2,1,0,0,0,3,0,2,3,0,2,0,1,1,0,0,1,9,9,6,4,8,5,6,2,6,6,8,6,2,4,7,6,2,5,1,7,1,4,1,1,2,3,5,1,6,1,3,1,7,3,5,1,3,1,2,3,1,1,6,6,7,3,6,1,1,1,7,4,24,5,8,3,8,54,14,13,17,10,85,85,100,50,85,85,72,47,81,69,87,81,85,69.5,29.1240534947755,3,0.138888888888889,0.270833333333333,0.638888888888889,0.361111111111111,0.338983050847458,24,65.02,0.085453,1,1,"0",24,24.47,"high SES",2,0.5,0.288675134594813,0.0833333333333333,1.60657227578537,-0.693147180559945,-2.45978876178638,-1.242453324894,4,6,"24",5,"5",7
"147","SLP3-147",11,1,3,4,3,4,2,1,0,4,3,4,4,4,4,2,4,4,4,4,4,2,4,1,0,0,0,0,1,1,2,0,0,0,0,0,0,3,0,0,0,0,0,1,0,0,1,8,8,4,1,1,9,5,3,3,5,7,1,1,2,5,6,2,1,3,2,1,2,1,1,1,3,1,1,7,1,1,2,1,1,3,5,1,1,2,1,4,5,1,3,2,3,2,2,1,1,1,1,8,3,1,0,4,69,16,17,20,16,85,85,98,46,81,87,63,68,100,50,100,50,87.8333333333333,64.3333333333333,20.7494246475854,2,0.208333333333333,0.229166666666667,0.486111111111111,0.513888888888889,NA,11,361000,2.12e-06,1,267000,"0",11,11.21,"high SES",2,3.7453043247029e-06,3.74529029742469e-06,1.40271994119835e-11,-1.44866088658229,-12.4950076826937,-13.0640944692804,-12.495011427998,4,5,"11",1,"1",1
"148","SLP3-148",15,1,1,2,0,2,1,0,0,2,1,0,2,0,1,0,0,3,0,1,0,0,2,0,0,1,4,1,1,2,3,0,0,2,0,3,0,2,2,0,2,0,0,0,0,0,1,9,5,3,5,2,6,5,5,7,5,2,7,2,5,5,7,2,2,7,7,3,6,2,2,2,2,5,3,6,6,2,5,7,2,4,5,5,5,2,5,3,2,5,6,6,1,5,1,4,6,1,4,23,8,7,1,7,18,4,4,9,1,85,85,100,50,68,93,59,79,75,75,98,54,80.8333333333333,72.6666666666667,36.3209130749961,3,0.180555555555556,0.4375,0.486111111111111,0.513888888888889,0.292134831460674,15,31.894,2.6e-10,3.3809,2.4291,"0",15,15.81,"high SES",2,0.581910499139415,0.189011910264513,0.0357255022218402,-0.388776079124428,-0.541438624623691,-22.070339484913,-1.66594524863545,4,6,"15",2,"2",3
"149","SLP3-149",24,1,2,1,1,2,2,1,0,4,0,4,4,0,4,3,3,4,3,3,2,3,4,4,0,3,3,3,1,4,4,1,0,0,0,4,0,1,2,0,4,0,3,2,0,0,1,9,1,1,1,9,7,5,3,1,1,1,9,1,1,7,4,1,1,1,5,1,6,1,1,1,5,1,3,7,2,3,1,7,2,1,5,3,2,3,7,7,6,7,7,7,4,5,1,1,4,2,5,35,8,10,6,11,54,12,13,16,13,85,85,100,50,50,100,50,100,100,50,85,85,78.3333333333333,78.3333333333333,44.999999999997,3,0.361111111111111,0.416666666666667,0.5,0.5,0.464285714285714,24,40.573,0.045625,1.1688,1.6074,"0",24,24.21,"middle SES",1,0.421007132051005,0.2540702644504,0.0645516992778964,1.54666574318993,-0.865105504704519,-3.08729946707948,-1.3701444185246,10,7,"24",5,"5",7
"15","SLP3-015",19,2,1,3,1,3,1,1,2,3,3,1,4,1,2,1,1,3,1,1,1,1,3,3,2,1,3,0,1,3,3,3,0,4,0,4,0,2,4,0,4,1,2,3,1,0,1,9,9,5,4,8,5,7,3,6,6,8,5,2,3,6,6,1,4,1,7,2,6,1,1,3,3,5,3,2,2,7,1,7,7,3,3,5,2,6,5,5,4,6,7,6,6,6,1,1,2,4,2,41,10,15,3,13,41,12,9,14,6,85,85,100,50,85,85,68,58,81,69,87,81,84.3333333333333,71.3333333333333,31.8551323824472,3,0.111111111111111,0.270833333333333,0.611111111111111,0.388888888888889,0.290909090909091,19,164.01,0.068025,3.4225,3.7898,"1",19,19.11,"middle SES",1,0.474536555606395,0.174250361577447,0.030363188509871,0.371576065356211,-0.745416623633229,-2.68787999431283,-1.74726215429375,5,3,"19",4,"4",5
"150","SLP3-150",18,1,1,2,1,3,1,1,2,3,1,2,2,1,3,2,2,3,2,1,3,3,3,3,1,1,2,1,1,2,1,0,1,1,2,3,0,1,1,0,2,0,0,1,0,0,1,9,9,1,5,9,6,5,4,9,5,9,5,3,1,5,6,2,2,2,6,1,2,1,1,4,3,3,2,3,3,2,1,6,2,2,6,2,2,2,6,3,3,5,5,3,3,5,1,3,4,6,4,21,6,5,3,7,45,10,10,14,11,85,85,100,50,85,85,50,100,75,75,85,85,80,80,44.999999999997,3,0.0555555555555556,0.166666666666667,0.472222222222222,0.527777777777778,0.25,18,50.991,0.068379,1,1,"0",18,18.4,"high SES",2,0.5,0.288675134594813,0.0833333333333333,0.207985149422498,-0.693147180559945,-2.68268951903703,-1.242453324894,5,1,"18",3,"3",5
"151","SLP3-151",15,1,0,4,3,4,1,1,0,4,3,3,2,3,4,0,3,3,2,4,3,4,4,4,4,0,0,0,3,3,4,0,0,1,0,3,0,4,0,0,3,0,1,1,0,0,1,9,6,4,5,8,6,4,4,6,5,6,5,4,2,7,1,2,2,3,4,4,6,1,3,5,7,1,2,1,2,3,1,5,1,7,1,7,2,7,2,6,1,7,3,6,3,6,1,1,2,1,3,27,11,4,1,11,59,15,15,16,13,85,85,100,50,72,91,63,68,75,75,87,81,80.3333333333333,75,39.4945221420191,3,0.0694444444444444,0.333333333333333,0.458333333333333,0.541666666666667,0.172413793103448,15,38.218,0.055356,1,1,"0",15,15.79,"high SES",2,0.5,0.288675134594813,0.0833333333333333,-0.393384273939463,-0.693147180559945,-2.89397022461845,-1.242453324894,6,4,"15",2,"2",3
"152","SLP3-152",18,1,1,2,1,4,0,1,0,1,0,0,2,0,3,1,1,4,1,1,1,0,2,2,3,3,0,3,0,3,1,2,0,2,0,4,0,2,3,0,3,0,0,1,0,0,1,9,9,5,3,3,2,6,3,5,6,9,7,1,4,6,3,7,2,1,7,2,5,5,3,3,3,5,2,5,4,4,1,6,2,4,4,5,2,7,3,3,4,3,3,4,3,5,1,1,3,3,4,30,4,13,3,10,28,5,5,13,5,85,85,100,50,85,85,68,58,88,63,96,59,87,66.6666666666667,24.2492044103998,3,0.222222222222222,0.333333333333333,0.722222222222222,0.277777777777778,NA,18,37.365,0.10173,1,1,"0",18,18.61,"middle SES",1,0.5,0.288675134594813,0.0833333333333333,0.256371194980357,-0.693147180559945,-2.28543303417648,-1.242453324894,6,7,"18",3,"3",5
"153","SLP3-153",10,2,NA,NA,NA,NA,NA,NA,NA,NA,NA,NA,NA,NA,NA,NA,NA,NA,NA,NA,NA,NA,NA,NA,NA,NA,NA,NA,NA,NA,NA,NA,NA,NA,NA,NA,NA,NA,NA,NA,NA,NA,NA,NA,NA,NA,1,8,4,6,5,7,9,3,8,5,4,7,1,2,1,1,2,1,1,2,1,1,2,1,1,1,4,1,1,2,1,1,1,1,1,2,1,1,1,1,1,1,1,1,1,1,1,2,1,1,1,3,1,NA,NA,NA,NA,NA,NA,NA,NA,NA,NA,85,85,98,46,63,94,72,47,75,75,89,76,80.3333333333333,70.5,34.051778500377,3,0.263888888888889,0.291666666666667,0.319444444444444,0.680555555555556,0.475,10,49.955,3.41e-07,38.147,25.302,"1",10,10.91,"middle SES",1,0.601223029519772,0.0609922629682302,0.00372005614198575,-1.5177838088078,-0.50878931591586,-14.8913833596629,-2.79700825943966,5,4,"10",1,"1",1
"154","SLP3-154",13,2,2,4,3,4,3,2,1,4,4,3,3,3,3,2,3,4,4,3,4,4,4,3,1,0,2,0,0,0,0,0,0,1,0,1,0,1,0,0,0,0,0,0,0,0,1,9,9,5,5,9,6,5,4,7,5,8,5,3,2,4,3,2,1,3,5,1,4,1,1,1,2,1,1,7,1,1,1,1,1,3,1,6,1,1,1,2,1,1,1,4,1,2,1,3,1,5,1,6,3,1,0,2,70,19,16,19,16,85,85,100,50,85,85,68,58,75,75,85,85,83,73,34.8753283445999,3,0,0.25,0.5,0.5,0,13,72606,4.37e-05,71058,41.454,"1",13,13.33,"high SES",2,0.999416957547944,9.05289032185181e-05,8.19548231794781e-09,-0.960192236188667,-0.000583212487401527,-10.0381624558627,-9.30984138566665,5,4,"13",2,"2",2
"155","SLP3-155",11,2,1,4,2,4,0,3,0,4,4,4,4,3,4,1,4,4,2,3,3,2,4,4,2,0,1,0,4,0,4,0,0,0,0,1,0,1,0,0,0,0,0,1,0,0,1,9,9,4,5,9,6,5,4,7,5,7,5,3,2,6,6,1,2,4,1,1,4,1,1,1,4,1,5,3,4,2,1,1,2,5,5,5,4,2,2,4,2,3,2,1,2,3,1,2,4,1,2,14,11,0,0,3,64,14,19,19,12,85,85,100,50,85,85,63,68,75,75,85,85,82.1666666666667,74.6666666666667,37.482411427716,3,0.0138888888888889,0.270833333333333,0.486111111111111,0.513888888888889,0.0487804878048781,11,39.598,3.37e-09,3.2737,1.7405,"1",11,11.56,"high SES",2,0.652885804315743,0.194118026452284,0.0376818081937296,-1.36801747731919,-0.426353043535121,-19.5083530925821,-1.63928892113453,7,5,"11",1,"1",1
"156","SLP3-156",12,2,3,4,4,4,2,2,1,4,4,3,4,1,4,2,3,3,2,3,3,2,4,4,4,0,0,0,3,0,4,0,0,0,0,3,0,2,0,0,3,0,0,2,0,0,3,9,9,6,3,3,2,7,3,3,7,9,7,1,7,7,6,3,3,3,2,3,5,1,6,3,6,1,3,1,1,1,1,1,2,1,1,1,1,5,5,3,1,5,1,1,1,6,1,1,3,6,1,21,11,0,0,10,66,21,16,18,11,85,68,100,50,85,85,72,47,88,63,96,59,87.6666666666667,62,17.6710503619908,2,0.319444444444444,0.4375,0.819444444444444,0.180555555555556,NA,12,71.048,0.039814,2.707,4.1056,"1",12,12.14,"high SES",2,0.397351965475736,0.175074042728445,0.0306509204372815,-1.2343798276832,-0.922932828148547,-3.2235366697504,-1.74254629323534,5,3,"12",1,"1",2
"157","SLP3-157",11,1,2,4,2,4,2,1,0,4,3,4,3,1,4,2,4,4,3,1,2,1,3,4,0,0,1,0,0,0,1,0,0,0,0,1,0,1,0,0,1,0,0,1,0,0,2,9,9,5,4,5,4,6,4,4,5,8,5,2,4,6,6,1,1,1,1,1,6,1,1,1,1,1,6,7,4,1,1,6,2,1,6,3,3,1,4,1,5,1,1,2,2,5,1,2,3,7,2,6,2,0,0,4,58,14,17,16,11,85,76,100,50,85,85,68,58,81,69,93,68,85.3333333333333,67.6666666666667,26.5650511770762,3,0.125,0.375,0.625,0.375,0.25,11,111.81,0.052883,7.365,9.9987,"0",11,11.22,"middle SES",1,0.424160749149087,0.11532826969837,0.01330060979162,-1.44635678917477,-0.857642770248416,-2.93967335282401,-2.15997269790574,9,5,"11",1,"1",1
"158","SLP3-158",13,1,2,4,2,4,1,2,1,4,3,2,4,3,4,0,4,4,0,3,2,3,4,4,1,0,1,0,1,0,4,0,0,0,0,1,0,2,0,0,1,0,0,1,0,0,3,9,9,4,5,9,6,5,4,7,5,8,5,3,3,3,1,1,1,1,1,1,1,1,1,1,7,1,7,7,1,1,1,1,1,1,1,1,1,1,1,3,1,3,3,1,1,1,1,1,4,1,1,12,7,0,0,5,60,16,16,18,10,85,68,100,50,85,85,63,68,75,75,85,85,82.1666666666667,71.8333333333333,34.1669536080271,3,0.0138888888888889,0.270833333333333,0.513888888888889,0.486111111111111,0.0487804878048781,13,45.127,0.029535,1,2.0054,"0",13,13.19,"middle SES",1,0.332734411392826,0.235437304264322,0.0554307242392509,-0.992449599893906,-1.10041067060949,-3.52217927822294,-1.44631062490024,4,4,"13",2,"2",2
"159","SLP3-159",10,1,NA,NA,NA,NA,NA,NA,NA,NA,NA,NA,NA,NA,NA,NA,NA,NA,NA,NA,NA,NA,NA,NA,NA,NA,NA,NA,NA,NA,NA,NA,NA,NA,NA,NA,NA,NA,NA,NA,NA,NA,NA,NA,NA,NA,2,8,9,4,4,5,6,9,4,3,9,4,8,8,6,7,3,4,1,4,1,1,2,1,1,1,3,1,1,5,1,1,1,1,1,1,2,1,1,1,3,1,1,1,1,1,4,1,1,1,2,5,1,NA,NA,NA,NA,NA,NA,NA,NA,NA,NA,85,76,98,46,85,85,63,68,81,69,93,68,84.1666666666667,68.6666666666667,28.6496094921308,3,0.388888888888889,0.604166666666667,0.638888888888889,0.361111111111111,NA,10,42.573,1.2e-10,1,13.737,"0",10,10.29,"middle SES",1,0.0678564158241162,0.0633980490008976,0.00401931261712021,-1.66063784807386,-2.69036133823113,-22.8435293731465,-2.75832219086896,4,4,"10",1,"1",1
"16","SLP3-016",20,2,1,3,1,3,0,0,0,1,1,1,3,1,3,1,1,4,0,4,2,2,2,1,1,0,0,1,1,4,4,0,0,0,0,2,0,1,1,0,2,0,1,0,1,0,1,9,9,5,5,9,6,5,4,7,5,8,5,3,3,6,4,1,2,2,7,1,4,1,1,1,1,2,1,5,2,3,1,6,1,1,5,2,2,1,1,2,4,4,1,3,2,3,1,1,1,6,1,19,6,5,3,5,35,8,6,14,7,85,85,100,50,85,85,68,58,75,75,85,85,83,73,34.8753283445999,3,0.0138888888888889,0.270833333333333,0.513888888888889,0.486111111111111,0.0487804878048781,20,588.87,0.065981,12.651,14.488,"1",20,20.07,"middle SES",1,0.466155716865028,0.0940412678884527,0.00884376006606773,0.592769416477852,-0.763235544311573,-2.71838845718864,-2.36402157296333,2,3,"20",4,"4",6
"160","SLP3-160",24,1,2,3,2,3,2,1,0,3,1,3,4,2,4,2,1,4,0,3,2,2,4,3,1,4,3,3,2,4,4,4,0,4,0,4,0,2,4,0,4,0,3,2,1,0,1,9,9,9,1,1,1,9,1,1,9,9,9,1,9,7,7,1,4,1,7,4,7,5,1,1,1,6,5,1,1,6,6,7,1,1,1,6,1,6,6,5,1,7,7,7,5,6,1,1,6,1,1,49,10,20,7,12,51,13,11,17,10,85,85,100,50,85,85,85,15,100,50,100,50,92.5,55.8333333333333,7.81529354676637,2,0.5,0.5,1,0,NA,24,69.035,0.056941,1.0273,2.4416,"0",24,24.87,"high SES",2,0.296145752255758,0.215970186602645,0.0466431215011813,1.69873617208606,-1.21690353958081,-2.86573963494013,-1.53261490581205,3,6,"24",5,"5",7
"161","SLP3-161",13,2,3,4,2,4,2,2,0,3,3,1,4,1,4,1,3,4,0,2,2,2,4,4,0,0,3,0,1,0,2,0,0,1,0,3,0,3,0,0,4,0,0,0,0,0,1,9,8,5,5,9,9,9,3,9,6,7,5,3,2,2,2,5,6,2,4,1,1,1,2,3,6,1,3,7,1,2,1,1,4,3,4,1,2,4,1,2,5,5,4,1,6,1,1,2,4,7,2,17,6,1,0,10,55,16,13,18,8,85,85,100,50,81,87,68,58,75,75,85,85,82.3333333333333,73.3333333333333,35.8160807491533,3,0.166666666666667,0.145833333333333,0.5,0.5,0.533333333333333,13,105.16,0.07283,3.6272,2.2965,"1",13,13.62,"high SES",2,0.612320002701015,0.185164104583913,0.0342857456263622,-0.893373411370671,-0.490500252893629,-2.61962732075231,-1.68651279529682,3,3,"13",2,"2",2
"162","SLP3-162",19,1,1,3,0,3,3,1,2,4,1,3,4,1,4,1,1,4,2,1,3,1,4,4,2,1,4,0,0,2,3,0,0,1,0,2,0,1,1,0,4,0,1,1,0,0,1,9,9,6,3,5,5,9,3,5,6,8,7,1,5,7,7,1,3,1,5,1,6,1,1,2,5,3,1,7,3,1,1,7,2,1,6,3,1,2,6,1,7,7,5,7,7,7,1,2,4,4,3,23,9,5,1,8,51,12,12,18,9,85,85,100,50,85,85,72,47,88,63,93,68,87.1666666666667,66.3333333333333,23.7236584299027,3,0.222222222222222,0.3125,0.722222222222222,0.277777777777778,NA,19,186.07,0.060406,7.8041,11.872,"0",19,19.91,"high SES",2,0.396628396887595,0.107584578754086,0.0115744415856942,0.555903857957579,-0.924755464633651,-2.80666684122669,-2.22947796165507,6,5,"19",4,"4",5
"163","SLP3-163",12,1,2,3,1,4,1,1,1,4,4,4,4,1,4,1,3,4,1,3,3,3,4,3,0,0,3,0,4,2,4,0,0,0,0,1,0,1,0,0,1,0,0,1,0,0,1,9,1,4,5,9,6,6,4,7,5,8,5,3,2,5,4,1,2,1,1,1,2,1,1,2,5,1,1,7,2,1,1,1,1,1,5,5,2,1,2,4,6,3,1,2,4,3,1,1,1,7,5,17,11,2,0,4,59,15,15,19,10,85,85,100,50,50,100,63,68,75,75,85,85,76.3333333333333,77.1666666666667,45.8923854587375,3,0.0138888888888889,0.25,0.513888888888889,0.486111111111111,0.0526315789473684,12,74.181,0.15079,1.9366,1.6621,"0",12,12.44,"middle SES",1,0.538138772334454,0.232479870564848,0.0540468902178487,-1.16525690545769,-0.619638810939341,-1.89186713860443,-1.45895163591854,4,3,"12",1,"1",2
"164","SLP3-164",19,1,2,1,2,4,0,1,0,3,1,2,4,1,3,1,1,4,2,1,3,2,4,2,2,1,2,4,1,2,0,4,1,2,4,4,1,3,4,0,2,0,2,1,0,0,1,9,9,1,5,9,6,5,4,7,5,8,5,2,2,6,3,1,3,2,6,2,4,1,3,2,4,1,4,7,4,5,1,6,2,1,6,3,3,2,5,5,7,6,6,6,5,5,1,2,3,7,6,40,6,13,10,11,44,8,8,19,9,85,85,100,50,85,85,50,100,75,75,85,85,80,80,44.999999999997,3,0.0138888888888889,0.229166666666667,0.513888888888889,0.486111111111111,0.0571428571428571,19,13836,0.00081874,14155,183.75,"0",19,19.1,"middle SES",1,0.98718507540755,0.000939261514908565,8.82212193388332e-07,0.369271967948695,-0.0128977440494774,-7.10774398482986,-6.97041661390095,6,5,"19",4,"4",5
"165","SLP3-165",11,1,2,4,3,4,1,1,1,4,2,1,3,2,4,0,4,4,3,1,4,3,4,1,0,0,1,0,3,1,4,0,0,1,0,1,0,3,0,0,1,0,0,0,0,0,1,9,9,9,1,1,1,9,1,1,9,9,9,1,9,6,5,1,4,6,6,2,5,2,2,3,2,1,2,7,6,1,1,7,2,3,5,4,2,2,4,4,6,4,2,5,4,7,1,4,4,5,4,15,8,2,0,5,56,11,14,19,12,85,85,100,50,85,85,85,15,100,50,100,50,92.5,55.8333333333333,7.81529354676637,2,0.5,0.5,1,0,NA,11,91.853,0.044322,3.398,6.1852,"0",11,11.81,"high SES",2,0.354578846314384,0.147051516372503,0.0216241484674526,-1.31041504213126,-1.03682454218524,-3.11627411120748,-1.91697230208356,7,4,"11",1,"1",1
"17","SLP3-017",21,1,2,4,2,4,1,1,0,3,0,4,4,0,4,2,1,4,0,1,4,3,4,4,2,0,0,0,2,1,2,0,0,0,0,3,0,0,0,0,1,0,0,0,0,0,1,9,9,4,5,9,6,5,4,7,5,8,5,3,3,6,6,2,2,5,5,1,4,1,1,2,4,1,4,6,1,1,1,6,2,1,4,2,1,1,4,1,4,7,2,4,3,3,1,1,2,5,3,11,6,1,0,4,52,10,13,20,9,85,85,100,50,85,85,63,68,75,75,85,85,82.1666666666667,74.6666666666667,37.482411427716,3,0.0138888888888889,0.270833333333333,0.513888888888889,0.486111111111111,0.0487804878048781,21,60.058,0.094717,1,1.5337,"0",21,21.39,"high SES",2,0.394679717409322,0.260016063552472,0.067608353305323,0.896910274270108,-0.929680684992915,-2.35686178064532,-1.34701186698097,0,6,"21",4,"4",6
"19","SLP3-019",19,2,2,2,2,4,2,1,0,2,1,1,3,0,4,1,1,3,1,1,1,2,4,2,1,0,0,0,1,1,0,0,0,0,0,2,0,1,2,0,2,0,1,2,0,0,1,9,9,4,5,9,6,5,4,7,5,7,5,3,1,6,3,1,2,1,7,1,5,1,1,2,2,2,3,2,4,3,1,6,2,1,1,2,2,6,2,3,1,6,3,5,2,6,2,4,1,2,1,13,2,3,1,7,40,10,7,15,8,85,85,100,50,85,85,63,68,75,75,85,85,82.1666666666667,74.6666666666667,37.482411427716,3,0.0277777777777778,0.25,0.472222222222222,0.527777777777778,0.1,19,32.205,0.12662,1,1,"1",19,19.96,"middle SES",1,0.5,0.288675134594813,0.0833333333333333,0.567424344995164,-0.693147180559945,-2.06656480386616,-1.242453324894,4,3,"19",4,"4",5
"2","SLP3-002",18,2,3,3,3,3,2,2,1,3,2,3,4,0,0,1,1,4,1,3,1,1,4,4,2,0,4,0,1,4,3,2,0,4,1,4,1,1,4,0,1,0,3,1,0,0,1,9,6,5,5,9,5,5,4,5,5,8,5,3,2,5,5,2,1,4,7,1,7,1,1,4,6,4,6,3,6,6,1,6,1,5,6,6,3,5,5,2,5,5,3,3,5,3,1,1,1,3,1,36,10,14,4,8,49,18,12,16,3,85,85,100,50,72,91,68,58,75,75,85,85,80.8333333333333,74,37.8964186592663,3,0.0416666666666667,0.3125,0.541666666666667,0.458333333333333,0.117647058823529,18,83.628,0.090115,1.8797,3.1242,"1",18,18.81,"middle SES",1,0.375646995343632,0.197646140296876,0.0390639967742523,0.302453143130698,-0.979105418751779,-2.40666864653737,-1.62127701739938,4,4,"18",3,"3",5
"20","SLP3-020",22,2,2,2,2,4,1,1,1,3,2,3,4,1,4,1,2,3,1,1,2,1,4,3,1,1,0,0,2,2,1,0,0,1,0,3,0,1,1,0,1,0,1,1,0,0,1,9,9,5,5,9,6,5,4,7,5,8,5,3,3,6,4,4,2,1,6,1,4,2,1,1,2,1,1,1,2,4,1,7,1,1,2,3,2,1,4,2,2,2,4,1,2,4,1,1,1,2,2,16,4,5,1,6,48,12,11,17,8,85,85,100,50,85,85,68,58,75,75,85,85,83,73,34.8753283445999,3,0.0138888888888889,0.270833333333333,0.513888888888889,0.486111111111111,0.0487804878048781,22,50.797,0.0031635,1.0173,1.0804,"1",22,22.04,"middle SES",1,0.484959717786147,0.283957768068078,0.0806320140462045,1.04667660575872,-0.723689447605041,-5.75607626937733,-1.25892975586411,5,4,"22",5,"5",7
"21","SLP3-021",18,2,2,1,2,3,0,0,1,2,3,2,4,0,3,0,0,4,2,2,2,1,3,3,0,1,0,2,3,3,1,2,0,4,0,4,0,1,4,0,3,0,2,0,0,0,1,9,9,4,5,9,6,5,4,7,5,8,5,3,3,7,1,3,2,1,7,1,6,1,1,2,1,4,1,7,3,2,1,7,2,3,2,1,3,1,1,4,4,5,4,6,4,5,1,1,1,3,2,30,4,14,4,8,40,13,5,16,6,85,85,100,50,85,85,63,68,75,75,85,85,82.1666666666667,74.6666666666667,37.482411427716,3,0.0138888888888889,0.270833333333333,0.513888888888889,0.486111111111111,0.0487804878048781,18,25.583,0.06637,1,1,"1",18,18.19,"middle SES",1,0.5,0.288675134594813,0.0833333333333333,0.159599103864639,-0.693147180559945,-2.7125101318243,-1.242453324894,3,4,"18",3,"3",5
"22","SLP3-022",19,2,1,2,1,4,2,2,1,4,3,2,4,0,4,2,3,4,2,1,3,2,4,3,1,2,0,1,0,3,4,1,0,2,0,3,0,1,3,0,2,0,0,0,0,0,1,9,9,5,4,6,5,5,3,7,6,8,6,3,1,6,3,2,2,2,7,1,5,1,2,2,4,2,4,5,2,6,2,6,2,2,3,3,3,3,5,3,2,4,5,6,3,4,1,3,4,4,3,23,5,11,1,6,54,12,13,19,10,85,85,100,50,85,85,68,58,81,69,91,72,85,69.8333333333333,29.5387822595562,3,0.0694444444444444,0.229166666666667,0.541666666666667,0.458333333333333,0.232558139534884,19,73.466,0.053507,1.9551,3.9673,"1",20,20.32,"middle SES",1,0.330119546129947,0.178733486569278,0.0319456592212101,0.650371851665779,-1.10830042912244,-2.92794279251763,-1.72185948450479,2,5,"20",4,"4",6
"23","SLP3-023",20,2,2,4,2,3,1,0,0,4,3,3,4,0,4,1,1,4,2,2,4,2,4,2,0,0,0,2,1,2,1,0,0,0,0,3,0,0,2,0,1,0,0,0,0,0,1,9,9,3,6,7,6,2,4,7,5,8,5,2,2,7,1,1,2,2,7,1,4,1,1,1,1,4,1,7,1,1,1,7,1,1,4,1,1,1,1,1,1,1,1,7,1,5,1,1,3,1,1,12,2,4,2,4,52,12,12,19,9,85,85,100,50,85,85,59,79,69,81,89,76,81.1666666666667,76,39.835695053479,3,0.0555555555555556,0.229166666666667,0.472222222222222,0.527777777777778,0.195121951219512,20,194.69,0.075311,9.5439,4.5383,"1",21,21.01,"middle SES",1,0.677727911831958,0.12033907942312,0.014481494036404,0.809354572784459,-0.389009381570505,-2.58612907250796,-2.11744185901876,4,3,"21",4,"4",6
"24","SLP3-024",18,2,2,1,1,4,0,1,0,2,1,1,4,0,1,2,1,4,1,2,2,1,4,4,0,3,1,0,3,4,1,1,0,2,0,4,1,1,4,0,4,0,2,1,0,0,1,9,9,5,5,9,6,9,4,7,5,9,5,3,2,7,4,2,3,4,7,1,7,1,1,5,1,1,6,2,2,5,1,7,3,6,3,4,2,2,4,7,1,7,7,5,5,5,1,2,7,2,1,32,5,14,2,11,39,10,6,18,5,85,85,100,50,85,85,68,58,75,75,85,85,83,73,34.8753283445999,3,0.0694444444444444,0.229166666666667,0.569444444444444,0.430555555555556,0.232558139534884,18,136.8,0.11356,1.8315,3.7412,"1",19,19.01,"middle SES",1,0.328655768299029,0.183219357291895,0.0335693328864552,0.348535091281041,-1.11274437293098,-2.17542394737737,-1.69707117025029,4,4,"19",4,"4",5
"25","SLP3-025",19,1,2,3,4,2,3,1,3,4,1,3,3,0,2,0,2,4,2,1,2,0,4,1,0,1,0,1,3,3,4,0,0,0,1,4,0,0,1,0,2,0,0,0,0,0,1,9,8,6,3,6,4,9,2,4,7,9,7,3,5,7,3,4,2,5,7,1,5,3,3,5,3,5,2,4,2,1,1,5,2,2,4,5,2,4,3,6,3,6,4,6,4,5,1,4,2,4,6,20,7,5,2,6,47,15,13,15,4,85,85,100,50,81,87,72,47,88,63,91,72,86.1666666666667,67.3333333333333,25.6066609883074,3,0.263888888888889,0.354166666666667,0.763888888888889,0.236111111111111,NA,19,30.123,0.0071841,1.6577,1,"0",19,19.04,"high SES",2,0.623734808292885,0.253304538494358,0.0641631892218397,0.355447383503592,-0.472029987655276,-4.93588502825729,-1.37316280466815,4,6,"19",4,"4",5
"26","SLP3-026",22,1,3,3,3,3,2,1,1,3,2,1,3,0,1,2,1,2,1,1,2,1,3,2,1,0,1,0,2,2,3,1,0,1,0,4,0,1,1,0,1,0,0,1,0,1,1,9,9,5,5,9,6,5,4,7,5,8,5,3,3,6,6,6,5,2,6,1,5,2,1,2,2,2,3,6,4,2,4,6,4,2,5,2,5,4,3,4,5,6,5,6,5,5,3,2,2,4,4,20,8,5,0,7,41,14,9,13,5,85,85,100,50,85,85,68,58,75,75,85,85,83,73,34.8753283445999,3,0.0138888888888889,0.270833333333333,0.513888888888889,0.486111111111111,0.0487804878048781,22,64.766,0.079798,1.4083,1.3641,"0",22,22.97,"high SES",2,0.507971432693695,0.257398455034244,0.066253964654016,1.26095766465781,-0.677330067839825,-2.52825683749709,-1.35712998603609,4,5,"22",5,"5",7
"27","SLP3-027",21,1,2,4,3,3,2,1,2,4,2,2,3,1,3,2,1,4,1,3,3,3,3,3,2,1,0,1,0,3,1,0,0,0,0,2,0,1,3,0,3,0,2,1,0,0,1,9,9,1,5,9,6,5,4,7,5,9,5,3,1,7,3,1,2,1,7,1,6,1,1,2,3,5,1,7,4,2,1,6,2,1,1,1,2,5,5,1,5,5,4,2,4,5,1,1,2,7,4,20,3,7,3,7,55,17,12,16,10,85,85,100,50,85,85,50,100,75,75,85,85,80,80,44.999999999997,3,0.0277777777777778,0.208333333333333,0.5,0.5,0.117647058823529,21,244.16,0.07686,3.5731,4.4336,"0",21,21.98,"low SES",0,0.446263754105936,0.165639699770072,0.0274365101399195,1.03285202131362,-0.806845124837354,-2.56576969384544,-1.79794033285126,2,6,"21",4,"4",6
"28","SLP3-028",21,2,2,4,1,3,1,3,0,4,1,4,4,1,4,3,4,4,1,2,2,3,4,3,0,0,0,0,1,1,2,0,0,0,0,2,0,1,0,0,1,0,0,0,0,0,1,9,9,5,5,9,6,5,4,7,5,8,5,3,3,6,5,2,2,2,5,1,2,1,1,1,2,2,4,7,2,1,1,5,2,1,6,1,3,2,4,3,6,6,2,3,3,2,1,1,1,4,3,8,3,1,0,4,58,10,19,17,12,85,85,100,50,85,85,68,58,75,75,85,85,83,73,34.8753283445999,3,0.0138888888888889,0.270833333333333,0.513888888888889,0.486111111111111,0.0487804878048781,21,46.01,0.054654,1.1037,1,"1",21,21.96,"middle SES",1,0.524647050434948,0.283466568383185,0.0803532953909389,1.02824382649858,-0.645029527361145,-2.90673287399141,-1.26066108734228,7,4,"21",4,"4",6
"29","SLP3-029",22,1,2,4,4,4,2,0,0,4,0,2,4,0,4,0,4,4,3,1,1,4,4,4,0,2,0,0,0,4,4,2,0,4,0,4,0,2,3,0,4,0,3,0,0,0,1,9,9,4,5,9,6,9,4,4,5,8,5,2,3,5,1,1,1,1,7,1,5,1,1,1,1,1,1,6,1,1,1,7,1,4,6,2,3,1,3,2,5,7,4,7,5,2,1,2,3,6,1,32,4,15,3,10,55,13,14,17,11,85,85,100,50,85,85,63,68,75,75,85,85,82.1666666666667,74.6666666666667,37.482411427716,3,0.125,0.3125,0.625,0.375,0.285714285714286,22,144000,0.010032,1437.1,820.34,"0",22,22.08,"middle SES",1,0.636606067049401,0.0101209188852275,0.000102432999081355,1.05589299538879,-0.451604233784646,-4.60197529509157,-4.59315082030927,8,5,"22",5,"5",7
"3","SLP3-003",18,1,1,3,1,2,2,1,0,4,0,3,4,0,3,2,1,4,2,1,3,2,4,3,4,0,1,0,0,0,3,0,0,0,0,3,0,0,2,0,0,0,0,0,0,0,1,8,7,4,5,9,6,4,4,4,5,8,5,3,3,5,4,3,3,6,5,1,4,3,6,2,7,2,5,2,4,4,3,7,3,1,7,6,2,6,3,4,2,1,3,6,5,5,2,3,3,5,2,13,8,2,0,3,46,8,12,17,9,85,85,98,46,76,89,63,68,75,75,85,85,80.3333333333333,74.6666666666667,39.1175544099021,3,0.0694444444444444,0.333333333333333,0.541666666666667,0.458333333333333,0.172413793103448,18,40.857,0.10368,1.1825,1.1449,"0",18,18.52,"middle SES",1,0.508077683251697,0.274069568647528,0.075114128458642,0.235634318312703,-0.677120923307888,-2.26644604637817,-1.2943733046478,5,5,"18",3,"3",5
"30","SLP3-030",20,1,2,3,2,2,1,1,1,3,0,1,3,2,3,1,1,3,1,0,3,1,4,2,1,2,0,1,2,3,1,1,0,0,0,2,0,1,4,0,1,0,1,1,0,0,1,9,9,9,1,1,1,9,1,1,9,9,9,1,9,6,6,4,4,4,7,3,2,2,5,3,3,5,5,2,4,2,2,3,4,7,2,2,2,3,3,4,2,6,5,3,3,5,2,3,3,3,3,21,4,10,2,5,40,8,9,15,8,85,85,100,50,85,85,85,15,100,50,100,50,92.5,55.8333333333333,7.81529354676637,2,0.5,0.5,1,0,NA,20,1260000,0.00094801,137000,123000,"0",20,20.88,"middle SES",1,0.526923076923077,0.000979156208921571,9.58746881469664e-07,0.779401306486736,-0.640700705187403,-6.96114550724168,-6.92881936848731,8,5,"20",4,"4",6
"31","SLP3-031",21,2,2,2,1,1,1,0,0,2,2,3,4,0,2,0,0,4,1,1,3,3,4,2,1,1,0,3,0,4,2,1,0,3,0,4,0,3,4,0,2,0,1,0,0,0,1,9,1,4,5,9,6,5,4,7,5,7,5,3,3,6,4,1,4,1,7,1,5,1,1,1,2,7,5,7,1,2,1,7,2,1,6,4,1,3,5,4,4,7,6,5,6,2,1,1,1,2,1,29,3,13,4,9,38,9,7,16,6,85,85,100,50,50,100,63,68,75,75,85,85,76.3333333333333,77.1666666666667,45.8923854587375,3,0.0277777777777778,0.291666666666667,0.5,0.5,0.0869565217391304,21,16.985,0.019444,1,1,"1",21,21.61,"middle SES",1,0.5,0.288675134594813,0.0833333333333333,0.947600417235484,-0.693147180559945,-3.94021673979893,-1.242453324894,6,4,"21",4,"4",6
"32","SLP3-032",23,1,2,1,1,3,3,1,0,3,3,4,4,0,4,1,3,4,1,1,4,3,4,4,1,4,3,1,4,4,4,3,0,3,0,3,2,1,4,0,3,1,1,1,0,1,1,9,9,9,1,1,1,9,1,1,9,9,9,1,9,7,7,2,3,6,7,1,6,1,2,1,7,6,1,7,6,2,1,7,3,1,5,2,6,1,7,5,6,2,7,7,7,7,1,3,5,7,6,44,14,18,2,10,54,14,12,19,9,85,85,100,50,85,85,85,15,100,50,100,50,92.5,55.8333333333333,7.81529354676637,2,0.5,0.5,1,0,NA,23,123.58,0.073321,3.3619,4.1115,"0",23,23.19,"middle SES",1,0.449848797066931,0.170901337257218,0.0292072670763054,1.31164780762318,-0.798843759198542,-2.61290821726021,-1.76666886409765,5,6,"23",5,"5",7
"33","SLP3-033",24,2,3,4,0,4,0,0,0,4,3,4,4,1,4,1,4,4,2,3,4,2,4,4,0,0,2,0,1,1,4,0,0,0,0,4,0,1,0,0,3,0,0,1,0,0,1,9,9,4,5,9,5,5,4,7,5,8,5,3,3,7,2,1,2,6,1,1,6,1,1,1,1,1,1,1,1,2,1,7,1,1,1,1,1,1,7,1,1,6,2,1,1,4,1,2,1,1,1,17,7,1,0,9,59,13,16,20,10,85,85,100,50,85,85,63,68,75,75,85,85,82.1666666666667,74.6666666666667,37.482411427716,3,0.0277777777777778,0.291666666666667,0.527777777777778,0.472222222222222,0.0869565217391304,24,71.993,0.055707,4.0665,4.699,"1",24,24.1,"high SES",2,0.463921054132679,0.159583936809842,0.0254670328877275,1.52132067170724,-0.768040883187099,-2.88764946669557,-1.83518524558651,8,6,"24",5,"5",7
"34","SLP3-034",23,2,2,4,2,3,2,1,1,4,0,4,4,0,4,2,3,3,1,2,2,1,4,2,3,1,1,0,1,2,4,1,0,1,1,4,1,4,2,0,3,0,1,2,0,1,2,9,8,4,5,8,6,6,3,7,6,8,5,3,3,7,7,1,2,2,2,1,5,1,7,1,6,1,2,7,2,1,1,7,2,2,2,3,2,6,2,2,2,6,4,7,3,7,1,2,1,3,4,33,10,7,2,14,51,11,16,16,8,85,76,100,50,81,87,63,68,75,75,87,81,81.8333333333333,72.8333333333333,35.6510224107104,3,0.0555555555555556,0.25,0.555555555555556,0.444444444444444,0.181818181818182,23,106.92,0.05588,5.8628,10.684,"1",23,23.66,"high SES",2,0.354316242415452,0.114184327555353,0.0130380606592682,1.41994038577649,-1.03756542448255,-2.88454874459338,-2.16994122799634,5,5,"23",5,"5",7
"35","SLP3-035",20,2,2,3,2,3,0,1,0,3,4,2,3,0,3,0,1,4,0,4,2,3,4,4,1,1,0,1,4,3,4,2,0,1,1,4,0,1,2,0,4,0,2,0,0,0,1,9,9,5,5,9,6,5,4,7,5,8,7,3,2,6,7,1,1,1,6,1,3,1,1,1,4,2,4,6,2,4,1,6,1,4,2,5,1,2,3,2,1,5,2,2,5,5,1,2,2,3,6,31,9,9,4,9,48,16,10,16,6,85,85,100,50,85,85,68,58,75,75,85,85,83,73,34.8753283445999,3,0.0277777777777778,0.25,0.527777777777778,0.472222222222222,0.1,20,131.41,0.092629,2.8754,3.2546,"1",20,20.18,"high SES",2,0.469070146818923,0.186892857750124,0.034928940278008,0.61811448796054,-0.757002954941765,-2.37915301141304,-1.67721977953586,10,6,"20",4,"4",6
"36","SLP3-036",23,2,2,2,1,3,2,1,0,2,2,2,2,1,3,1,3,3,0,0,1,2,4,0,1,0,2,1,2,2,0,0,0,0,0,4,0,1,1,0,3,0,1,0,0,0,1,9,9,4,5,9,6,5,4,7,5,9,5,3,1,6,7,2,2,2,5,1,5,1,1,4,6,2,6,6,3,5,1,7,2,3,7,3,3,3,3,6,6,6,6,4,6,3,1,1,1,5,3,18,5,3,2,8,37,7,10,13,7,85,85,100,50,85,85,63,68,75,75,85,85,82.1666666666667,74.6666666666667,37.482411427716,3,0.0277777777777778,0.208333333333333,0.5,0.5,0.117647058823529,23,71.533,0.053775,2.158,2.5262,"1",23,23.53,"high SES",2,0.460697664489134,0.209068922359025,0.0437098142963638,1.38998711947877,-0.77501327653622,-2.92294660382834,-1.56509130932743,4,3,"23",5,"5",7
"37","SLP3-037",21,2,3,4,3,4,2,1,1,4,2,3,4,1,3,2,2,4,3,3,4,3,4,2,1,1,0,0,0,4,2,1,0,1,0,4,0,2,4,0,3,0,0,1,0,0,1,9,9,5,5,9,6,5,4,7,5,9,5,1,1,6,6,3,3,2,7,1,5,1,1,2,5,3,2,6,4,5,2,7,2,2,6,5,2,3,4,4,5,5,5,6,5,4,2,3,2,4,4,24,3,11,0,10,62,16,14,20,12,85,85,100,50,85,85,68,58,75,75,85,85,83,73,34.8753283445999,3,0.0555555555555556,0.166666666666667,0.527777777777778,0.472222222222222,0.25,21,78.108,0.083327,1,1.3418,"1",21,21.92,"high SES",2,0.427021948928175,0.27058509167591,0.0732162918372608,1.01902743686851,-0.850919864432487,-2.48498265267615,-1.30716865834811,4,4,"21",4,"4",6
"38","SLP3-038",21,1,NA,NA,NA,NA,NA,NA,NA,NA,NA,NA,NA,NA,NA,NA,NA,NA,NA,NA,NA,NA,NA,NA,NA,NA,NA,NA,NA,NA,NA,NA,NA,NA,NA,NA,NA,NA,NA,NA,NA,NA,NA,NA,NA,NA,NA,NA,NA,NA,NA,NA,NA,NA,NA,NA,NA,NA,NA,NA,NA,NA,NA,NA,NA,NA,NA,NA,NA,NA,NA,NA,NA,NA,NA,NA,NA,NA,NA,NA,NA,NA,NA,NA,NA,NA,NA,NA,NA,NA,NA,NA,NA,NA,NA,NA,NA,NA,NA,NA,NA,NA,NA,NA,NA,NA,NA,NA,NA,NA,NA,NA,NA,NA,NA,NA,NA,NA,NA,NA,NA,NA,NA,NA,NA,NA,NA,NA,NA,NA,21,27.274,4.58e-10,1.2769,1.1364,"0",21,21.37,"middle SES",1,0.529109518087266,0.270175219355547,0.072994649153818,0.892302079455074,-0.636559840030932,-21.5041519318144,-1.30868456989152,4,5,"21",4,"4",6
"39","SLP3-039",19,2,1,2,1,3,1,0,0,4,1,2,2,0,3,0,1,4,0,3,2,1,3,3,3,3,2,0,1,4,4,1,0,3,0,4,0,3,4,0,2,0,1,0,0,0,1,9,9,6,3,5,6,9,2,2,6,9,7,1,5,7,7,4,2,2,7,1,6,1,1,1,3,3,2,5,3,5,1,6,2,4,2,5,3,5,6,6,2,7,3,7,3,5,1,2,4,5,2,35,10,15,1,9,37,10,9,14,4,85,85,100,50,85,85,72,47,88,63,93,68,87.1666666666667,66.3333333333333,23.7236584299027,3,0.277777777777778,0.3125,0.777777777777778,0.222222222222222,NA,19,111.07,0.096808,2.7981,2.9468,"1",19,19.88,"high SES",2,0.487058086302634,0.192458331011675,0.0370402091757995,0.548991565735027,-0.719371889290052,-2.33502564348639,-1.64787561096265,10,6,"19",4,"4",5
"4","SLP3-004",23,1,3,2,0,1,2,0,1,1,0,0,3,0,4,1,1,3,0,1,1,3,3,2,1,2,0,0,0,1,3,0,0,1,1,3,0,1,2,0,1,0,4,0,0,0,9,9,9,9,1,1,1,9,1,1,9,9,9,1,9,7,1,1,3,1,7,1,4,1,2,4,1,2,2,6,2,5,1,6,1,1,3,1,2,4,6,2,5,7,5,2,1,5,1,2,1,6,1,20,4,6,5,5,32,9,4,11,8,85,15,100,50,85,85,85,15,100,50,100,50,92.5,44.1666666666667,-7.81529354676637,2,0.5,0.5,1,0,NA,23,290.52,0.080177,6.8825,5.5905,"0",23,23.06,"middle SES",1,0.551791870440151,0.135486292490623,0.0183565354528547,1.28169454132546,-0.594584350108947,-2.52351858828218,-1.99888480621047,5,1,"23",5,"5",7
"40","SLP3-040",18,2,1,4,1,3,1,1,0,4,1,3,3,0,2,1,3,3,1,2,1,0,3,1,1,0,0,0,2,3,3,0,0,0,0,4,0,2,0,0,2,0,1,1,0,0,1,9,9,4,5,9,6,5,4,7,5,7,5,3,2,7,6,1,1,1,7,1,5,1,1,1,6,1,2,7,6,2,1,2,1,4,2,4,6,2,6,5,1,2,1,7,2,6,1,1,1,2,3,19,6,3,1,9,39,7,15,13,4,85,85,100,50,85,85,63,68,75,75,85,85,82.1666666666667,74.6666666666667,37.482411427716,3,0.0138888888888889,0.270833333333333,0.486111111111111,0.513888888888889,0.0487804878048781,18,170.08,0.08211,5.1014,6.1826,"1",18,18.19,"high SES",2,0.452091456930167,0.142002922442342,0.0201648299821659,0.159599103864639,-0.79387078127647,-2.49969546726144,-1.95190764101278,NA,NA,"18",3,"3",5
"41","SLP3-041",21,1,2,3,2,4,2,1,2,3,4,1,3,1,2,0,2,4,1,3,2,1,4,3,4,1,1,0,0,4,4,0,0,4,0,4,0,2,4,0,3,0,1,1,0,0,4,9,9,6,3,9,3,9,3,3,9,9,6,1,5,5,6,4,5,3,7,2,6,3,3,3,5,2,3,6,4,5,5,7,5,5,5,4,6,6,6,3,5,6,6,5,6,6,3,2,6,6,3,33,9,13,1,10,50,18,10,17,5,85,59,100,50,85,85,72,47,88,63,85,85,85.8333333333333,64.8333333333333,22.4872799097889,3,0.319444444444444,0.375,0.819444444444444,0.180555555555556,NA,21,80.984,0.083431,3.0636,2.879,"0",21,21.04,"high SES",2,0.51553192205432,0.18967028302929,0.0359748162644108,0.81626686500701,-0.662556052991694,-2.48373533604386,-1.66246806676743,7,5,"21",4,"4",6
"42","SLP3-042",23,2,3,4,2,3,1,3,0,3,2,3,4,1,4,1,4,4,1,2,1,0,4,2,0,0,0,0,0,0,1,0,0,0,1,4,0,1,0,0,2,0,3,2,0,0,1,8,9,3,5,7,5,5,4,7,5,8,5,3,2,6,1,1,2,1,1,1,3,1,1,2,2,1,1,4,1,2,1,1,1,1,5,1,1,1,2,4,4,7,1,6,5,4,1,1,1,2,4,14,1,0,4,9,52,12,17,16,7,85,85,98,46,85,85,59,79,75,75,89,76,81.8333333333333,74.3333333333333,37.3942204256157,3,0.0138888888888889,0.270833333333333,0.513888888888889,0.486111111111111,0.0487804878048781,23,113.49,0.11257,1.5973,1.4894,"1",23,23.13,"low SES",0,0.517478212978262,0.247182727300326,0.0610993006756274,1.29782322317808,-0.658787855253963,-2.18418002861542,-1.39762742922042,6,5,"23",5,"5",7
"43","SLP3-043",21,2,2,3,1,2,2,2,2,4,1,3,4,0,4,3,2,4,2,3,4,4,4,3,0,1,3,4,0,3,3,0,0,3,0,4,0,0,3,0,2,0,0,1,0,0,1,9,9,5,5,9,5,5,4,7,5,7,5,3,5,6,4,1,3,2,7,1,4,1,1,2,1,4,1,4,2,3,1,6,2,4,2,1,1,1,5,3,1,6,4,4,2,6,1,3,1,1,1,27,6,10,4,7,59,14,14,18,13,85,85,100,50,85,85,68,58,75,75,85,85,83,73,34.8753283445999,3,0.0694444444444444,0.354166666666667,0.541666666666667,0.458333333333333,0.163934426229508,21,101.4,0.078156,1.2957,2.0099,"1",21,21.68,"high SES",2,0.391971200387222,0.235273121435428,0.0553534416699699,0.963729099088103,-0.936566910290554,-2.54904844962987,-1.44700822081734,5,3,"21",4,"4",6
"44","SLP3-044",18,2,2,3,3,2,2,2,0,3,0,2,4,0,4,2,2,4,2,3,3,3,4,2,1,2,3,0,0,0,1,0,0,1,0,4,0,2,1,0,1,0,0,1,0,0,1,9,9,4,5,9,5,5,4,7,5,8,5,3,2,7,3,5,1,5,5,1,7,2,1,5,2,1,5,5,7,1,2,3,2,1,1,2,7,4,6,1,1,1,1,3,1,7,2,1,1,6,1,17,5,4,0,8,52,12,12,17,11,85,85,100,50,85,85,63,68,75,75,85,85,82.1666666666667,74.6666666666667,37.482411427716,3,0.0138888888888889,0.270833333333333,0.513888888888889,0.486111111111111,0.0487804878048781,18,168.04,0.072286,3.5305,3.9984,"1",18,18.02,"middle SES",1,0.468926403591494,0.170876833394158,0.0291988921908149,0.120429447936848,-0.757309444829156,-2.62712480618863,-1.76681225454916,4,4,"18",3,"3",5
"45","SLP3-045",24,2,2,3,2,4,1,1,1,4,4,3,4,1,4,3,3,4,3,3,3,3,4,3,0,0,0,1,0,1,4,0,0,0,0,2,0,2,1,0,1,0,2,1,0,0,1,9,9,9,1,1,1,9,1,1,9,9,9,1,9,4,5,6,3,2,7,1,6,1,2,3,3,2,2,2,3,4,4,7,2,3,6,1,2,5,5,2,2,5,5,6,3,6,5,1,3,6,3,15,4,2,3,6,63,16,14,19,14,85,85,100,50,85,85,85,15,100,50,100,50,92.5,55.8333333333333,7.81529354676637,2,0.5,0.5,1,0,NA,24,124.62,0.073491,4.2853,3.7575,"1",24,24.4,"middle SES",1,0.532811956035212,0.165913367432142,0.027527245492673,1.59044359393275,-0.629586720001703,-2.61059232924043,-1.7962895097928,2,6,"24",5,"5",7
"46","SLP3-046",22,2,4,1,3,4,3,1,1,2,3,3,4,3,2,2,3,4,3,3,4,4,4,3,1,3,1,0,2,3,2,1,0,0,0,2,0,1,4,0,1,0,0,1,0,0,1,9,9,5,5,5,5,5,4,5,5,5,5,3,3,6,2,4,5,5,7,2,5,1,1,2,1,1,2,7,3,1,1,6,2,1,1,1,2,1,3,2,1,5,3,3,2,6,1,1,3,7,1,22,6,11,0,5,64,20,10,20,14,85,85,100,50,85,85,68,58,75,75,93,68,84.3333333333333,70.1666666666667,30.4290662871756,3,0.0972222222222222,0.395833333333333,0.513888888888889,0.486111111111111,0.197183098591549,22,70.555,0.079155,1.4368,1.4335,"1",22,22.53,"middle SES",1,0.500574852802843,0.254154265157916,0.0645943904979601,1.15957737872706,-0.691998135359617,-2.5363473234564,-1.3698138531804,5,3,"22",5,"5",7
"47","SLP3-047",23,2,3,2,1,4,2,0,0,3,4,4,4,0,2,3,3,4,1,4,3,2,4,4,0,1,0,0,0,1,3,0,0,0,0,3,0,0,3,0,2,0,0,1,0,0,1,9,9,6,2,2,2,9,1,5,8,9,7,1,5,6,2,1,3,1,7,1,5,1,1,1,1,1,1,6,1,2,1,6,5,1,5,1,1,4,5,6,6,6,4,2,5,5,1,1,1,6,1,14,3,5,0,6,57,18,12,19,8,85,85,100,50,85,85,72,47,94,56,98,54,89,62.8333333333333,18.2142986447454,2,0.333333333333333,0.3125,0.833333333333333,0.166666666666667,NA,23,623.26,0.052031,21.246,34.786,"1",23,23.93,"high SES",2,0.379176185037122,0.0642458988521389,0.00412753551931926,1.48215101577945,-0.96975431374562,-2.95591558418367,-2.74503738833921,5,2,"23",5,"5",7
"48","SLP3-048",20,2,0,3,0,4,0,0,0,4,0,2,4,0,2,2,2,4,1,1,2,1,4,4,0,0,0,1,1,4,2,1,4,1,1,4,0,2,4,0,1,0,2,4,0,0,1,8,9,4,5,9,6,7,4,7,5,7,5,3,3,6,7,2,5,1,7,1,6,1,3,1,4,4,1,6,2,6,1,7,2,5,7,3,5,3,5,6,7,7,6,7,7,6,1,1,2,6,6,32,7,10,4,11,40,5,11,18,6,85,85,98,46,85,85,63,68,75,75,85,85,81.8333333333333,74,37.0136158549074,3,0.0555555555555556,0.291666666666667,0.527777777777778,0.472222222222222,0.16,20,425.91,0.066735,6.956,17.96,"1",20,20.1,"middle SES",1,0.27917803820838,0.0881192201454414,0.00776499695904076,0.599681708700404,-1.27590557089986,-2.70702572605602,-2.42906460700271,6,4,"20",4,"4",6
"49","SLP3-049",20,1,3,2,2,2,3,1,1,3,1,2,3,1,4,1,2,3,2,2,3,2,4,3,2,3,1,3,2,3,3,3,0,3,0,3,0,1,3,0,2,0,2,1,0,0,1,9,8,6,4,6,6,5,4,7,6,8,6,3,3,7,6,2,5,5,7,2,5,2,3,3,5,6,5,6,2,5,2,7,3,2,7,5,2,5,4,5,6,6,6,6,6,5,1,3,4,6,3,35,8,15,5,7,50,15,10,15,10,85,85,100,50,81,87,72,47,81,69,91,72,85,68.3333333333333,27.6459753637369,3,0.0416666666666667,0.270833333333333,0.541666666666667,0.458333333333333,0.133333333333333,20,3910000,0.027911,153.69,151.29,"0",20,20.08,"high SES",2,0.50393468424159,0.0285831465828971,0.000816996268579381,0.595073513885369,-0.685308614067646,-3.57873440262396,-3.5549380151685,3,4,"20",4,"4",6
"5","SLP3-005",21,2,2,4,1,4,1,1,0,2,1,0,4,2,4,1,3,4,1,1,3,3,4,2,1,0,0,0,1,1,0,0,0,2,0,2,0,0,0,0,1,0,0,0,0,0,1,9,9,5,5,9,6,5,4,7,5,8,5,3,3,7,6,1,1,1,4,1,3,1,1,1,2,1,1,7,3,1,1,2,1,1,6,5,1,1,6,2,6,5,2,5,3,2,1,1,2,1,1,8,2,3,0,3,48,8,10,19,11,85,85,100,50,85,85,68,58,75,75,85,85,83,73,34.8753283445999,3,0.0138888888888889,0.270833333333333,0.513888888888889,0.486111111111111,0.0487804878048781,21,147000,0.0046124,4849.9,5061.5,"1",21,21.69,"low SES",0,0.489325423249995,0.00502090032124068,2.52094400358347e-05,0.966033196495621,-0.714727523626888,-5.37900695006731,-5.29414601449853,1,2,"21",4,"4",6
"50","SLP3-050",22,2,2,4,2,3,2,1,0,4,3,2,4,1,4,2,3,4,2,4,3,3,4,2,0,1,1,1,1,3,1,0,0,1,0,3,0,1,3,0,2,0,1,1,0,1,2,9,9,5,4,8,5,6,3,6,6,8,6,2,3,7,2,1,3,3,6,1,5,1,3,2,1,4,2,6,4,3,1,7,3,2,5,5,4,1,4,2,3,5,2,4,4,4,1,1,1,5,2,21,4,8,2,7,59,15,14,18,12,85,76,100,50,85,85,68,58,81,69,87,81,84.3333333333333,69.8333333333333,30.0137333464531,3,0.111111111111111,0.270833333333333,0.611111111111111,0.388888888888889,0.290909090909091,22,70.851,0.03604,1,1.6306,"1",22,22.59,"middle SES",1,0.380141412605489,0.254759097415623,0.0649021977160228,1.17340196317216,-0.967211957052541,-3.323125846242,-1.3674368963663,6,3,"22",5,"5",7
"51","SLP3-051",22,1,2,2,3,3,2,1,1,3,4,3,4,0,3,0,2,4,0,2,3,0,4,3,4,4,2,3,3,4,4,4,0,2,0,4,0,2,4,0,3,0,1,3,0,0,1,9,9,9,1,1,1,9,1,1,9,9,9,1,9,6,7,2,2,1,7,2,6,2,2,6,6,6,1,4,1,2,1,7,3,1,5,4,1,3,7,7,4,7,7,4,5,6,1,2,2,6,5,47,13,18,4,12,49,17,11,18,3,85,85,100,50,85,85,85,15,100,50,100,50,92.5,55.8333333333333,7.81529354676637,2,0.5,0.5,1,0,NA,22,186.43,0.07566,4.2164,5.3278,"0",22,22.51,"high SES",2,0.441776157247333,0.152932050011704,0.0233882119207823,1.15496918391202,-0.816951956751336,-2.58150565977725,-1.87776157380968,3,4,"22",5,"5",7
"52","SLP3-052",22,1,3,3,3,1,2,0,2,4,3,4,4,0,4,2,0,4,3,3,1,2,4,4,4,3,0,1,0,4,3,3,0,2,0,4,0,1,4,0,1,0,1,1,0,0,4,9,8,5,5,8,5,6,3,6,6,8,6,2,4,6,2,2,2,1,7,1,2,1,1,1,6,5,6,1,1,6,1,7,6,1,1,6,1,2,6,1,1,6,6,1,5,1,1,2,6,3,1,32,7,16,2,7,56,20,11,14,11,85,59,100,50,81,87,68,58,75,75,87,81,82.6666666666667,68.3333333333333,29.3022074821367,3,0.125,0.291666666666667,0.625,0.375,0.3,22,548.65,0.054053,17.26,31.439,"0",22,22.81,"high SES",2,0.354422062054662,0.0678517243390044,0.00460385649577624,1.22409210613753,-1.03726681034154,-2.91779023227441,-2.69043047903739,1,6,"22",5,"5",7
"53","SLP3-053",23,2,2,4,3,3,1,0,0,3,3,0,4,1,4,0,2,4,2,4,3,3,4,4,0,0,0,0,0,4,3,0,0,2,0,4,0,2,3,0,4,0,2,0,0,0,2,9,9,1,9,9,5,5,3,5,5,9,1,2,1,7,7,1,1,1,4,1,3,1,1,1,4,1,1,7,1,5,1,4,1,1,1,6,1,2,2,6,1,4,1,2,1,6,1,1,6,2,1,24,3,9,2,10,54,17,9,18,10,85,76,100,50,85,85,50,100,50,100,85,85,75.8333333333333,82.6666666666667,51.6624771065929,3,0.152777777777778,0.229166666666667,0.513888888888889,0.486111111111111,0.4,23,69.836,0.028557,1.1821,1.6483,"1",23,23.23,"middle SES",1,0.417644149236857,0.251985388108198,0.0634966358200394,1.32086419725325,-0.87312552664919,-3.55585318904486,-1.37838417684946,8,4,"23",5,"5",7
"54","SLP3-054",22,1,2,4,1,4,3,3,2,4,1,2,3,0,4,1,4,3,1,2,1,3,4,2,0,0,0,0,1,0,0,0,0,0,1,2,0,1,0,0,1,0,3,1,0,0,1,9,9,4,5,9,6,5,4,7,5,8,5,3,2,6,7,2,1,6,1,1,6,1,1,1,3,1,1,6,1,2,1,1,1,3,7,5,1,1,7,6,6,2,4,6,5,6,1,1,1,6,4,10,1,0,4,5,54,13,17,15,9,85,85,100,50,85,85,63,68,75,75,85,85,82.1666666666667,74.6666666666667,37.482411427716,3,0,0.25,0.5,0.5,0,22,89.193,0.071176,1.731,2.5962,"0",22,22.08,"high SES",2,0.400027731558514,0.212256567783901,0.0450528505674019,1.05589299538879,-0.916221405381008,-2.64259959603967,-1.5499595106468,7,5,"22",5,"5",7
"55","SLP3-055",18,1,0,4,0,2,0,0,0,4,0,3,4,2,4,0,4,4,2,0,0,4,4,3,4,0,0,0,0,3,4,0,0,0,0,4,0,2,0,0,3,0,2,1,0,0,1,9,9,5,5,9,6,5,4,7,5,9,5,3,3,7,4,6,1,3,4,1,7,1,1,5,3,4,5,7,2,4,2,4,1,1,1,1,1,1,7,6,4,1,4,1,4,5,1,1,1,7,1,23,8,3,2,10,44,3,15,14,12,85,85,100,50,85,85,68,58,75,75,85,85,83,73,34.8753283445999,3,0.0277777777777778,0.25,0.527777777777778,0.472222222222222,0.1,18,15.708,0.011198,1,1,"0",18,18.4,"high SES",2,0.5,0.288675134594813,0.0833333333333333,0.207985149422498,-0.693147180559945,-4.49202008805544,-1.242453324894,0,7,"18",3,"3",5
"56","SLP3-056",17,1,2,4,1,4,1,2,0,4,3,3,3,2,4,1,3,4,0,2,3,2,3,3,3,0,0,0,0,3,4,0,0,0,0,3,0,2,3,0,4,0,3,1,2,0,1,9,9,9,1,1,1,9,1,1,9,9,9,1,9,6,5,2,2,1,1,1,5,1,1,3,5,1,1,7,3,4,1,7,2,4,3,3,1,2,5,3,1,6,3,5,2,4,1,1,5,6,2,28,7,6,5,10,54,12,16,17,9,85,85,100,50,85,85,85,15,100,50,100,50,92.5,55.8333333333333,7.81529354676637,2,0.5,0.5,1,0,NA,17,201.69,0.074747,3.5584,8.5125,"0",17,17.43,"high SES",2,0.294791606259682,0.126114071599876,0.0159047590554988,-0.0155122991066598,-1.22148659173282,-2.59364620129599,-2.07056845143708,4,5,"17",3,"3",4
"57","SLP3-057",23,1,1,3,1,3,0,0,0,2,0,1,4,0,4,2,1,4,2,0,1,1,3,4,4,1,1,1,4,3,4,1,0,4,1,4,0,1,3,0,1,3,3,1,1,0,1,9,7,4,5,9,6,5,4,7,5,7,5,3,2,7,7,2,5,2,7,1,3,1,2,5,7,3,5,6,7,3,1,7,2,3,7,2,1,2,5,6,6,7,6,5,7,6,1,1,1,7,7,41,16,12,6,7,37,6,7,15,9,85,85,100,50,76,89,63,68,75,75,85,85,80.6666666666667,75.3333333333333,39.5596679689919,3,0.0138888888888889,0.270833333333333,0.486111111111111,0.513888888888889,0.0487804878048781,23,11100000,0.033722,112.43,101.29,"0",23,23.98,"middle SES",1,0.526062137376006,0.0340755579877536,0.00116114365217676,1.49367150281703,-0.642335941327903,-3.38960483562635,-3.37917492625104,7,5,"23",5,"5",7
"58","SLP3-058",17,2,2,3,1,3,1,2,1,3,2,2,3,2,3,1,3,4,2,2,2,2,4,2,4,1,1,1,2,2,2,1,0,2,0,4,0,2,1,0,1,0,1,1,0,0,2,9,9,6,3,6,5,5,3,6,6,9,5,2,3,5,7,1,3,3,5,1,5,1,4,3,5,3,1,6,5,5,1,6,3,2,6,4,6,2,6,5,5,6,6,7,7,4,1,4,2,4,4,26,9,7,2,8,50,11,13,16,10,85,76,100,50,85,85,72,47,88,63,91,72,86.8333333333333,65.5,22.8220628813894,3,0.0972222222222222,0.25,0.597222222222222,0.402777777777778,0.28,17,86.211,0.084007,2.4877,3.6568,"1",17,17.54,"middle SES",1,0.40486614045081,0.183644166898952,0.0337251800360102,0.00983277237602801,-0.904198783913922,-2.47685515027752,-1.69475526927396,7,4,"17",3,"3",4
"59","SLP3-059",17,1,1,2,2,2,2,1,0,4,1,2,2,1,4,0,2,4,2,1,2,2,4,2,0,0,1,0,1,0,4,0,0,1,0,4,0,1,0,0,2,0,0,2,0,0,1,9,9,1,5,9,6,5,4,7,5,8,5,3,2,6,6,2,3,1,2,1,5,1,1,2,2,2,6,7,5,1,1,6,1,7,5,2,5,1,4,4,6,1,4,5,3,5,1,1,2,6,1,16,6,1,0,9,43,9,11,14,9,85,85,100,50,85,85,50,100,75,75,85,85,80,80,44.999999999997,3,0,0.25,0.5,0.5,0,17,150.42,0.068938,3.2782,3.3705,"0",17,17.33,"high SES",2,0.493058793448343,0.180773321511758,0.0326789937703933,-0.0385532731818311,-0.707126855562425,-2.67454772904821,-1.71051139992201,0,6,"17",3,"3",4
"6","SLP3-006",21,2,1,4,3,4,0,0,0,4,2,3,4,0,3,0,1,4,2,3,3,2,4,3,0,0,0,0,1,2,1,0,0,0,0,2,0,1,0,0,1,0,0,1,0,0,1,9,9,6,2,3,2,9,1,1,9,9,8,1,6,7,5,1,2,1,5,1,4,1,2,1,1,2,1,7,3,2,1,4,2,2,2,3,1,2,4,3,2,4,2,6,4,2,1,1,1,3,1,9,2,2,0,5,50,12,12,19,7,85,85,100,50,85,85,72,47,94,56,96,59,88.6666666666667,63.6666666666667,19.4658670083511,2,0.430555555555556,0.416666666666667,0.930555555555556,0.0694444444444444,NA,21,71.957,0.096173,1.0318,1.2282,"1",20,20.26,"high SES",2,0.456548672566372,0.275876729687193,0.0761079699829005,0.636547267220677,-0.784059963455782,-2.34160662598501,-1.28780114460272,7,4,"20",4,"4",6
"60","SLP3-060",14,1,1,4,2,3,0,1,0,4,3,3,4,1,3,0,2,3,2,0,2,1,4,1,0,0,0,0,2,0,4,0,3,0,0,3,0,2,0,0,2,0,0,1,0,0,1,9,9,4,5,9,6,5,4,7,5,7,5,3,2,7,5,4,4,1,2,1,3,1,2,1,1,1,1,5,4,1,1,5,2,1,5,1,2,3,6,3,5,2,3,4,4,4,1,1,2,6,5,17,9,0,0,8,44,7,14,16,7,85,85,100,50,85,85,63,68,75,75,85,85,82.1666666666667,74.6666666666667,37.482411427716,3,0.0138888888888889,0.270833333333333,0.486111111111111,0.513888888888889,0.0487804878048781,14,86.109,0.042486,6.1534,4.3742,"0",14,14.58,"high SES",2,0.584501690793723,0.145147001065354,0.0210676519182659,-0.67218006024903,-0.536995605356108,-3.15858066908444,-1.93000824965946,0,6,"14",2,"2",3
"61","SLP3-061",17,2,2,4,1,4,0,1,1,3,4,1,4,0,2,1,1,4,1,2,3,2,4,4,3,0,4,0,2,2,2,0,0,1,1,3,1,2,2,0,3,0,1,1,0,1,1,9,9,5,5,9,6,5,4,7,5,9,5,3,2,6,6,2,4,1,7,2,6,1,1,2,6,1,2,5,2,2,2,6,2,2,6,2,3,2,5,2,4,5,3,5,4,4,1,1,2,3,3,29,12,5,2,10,49,14,10,19,6,85,85,100,50,85,85,68,58,75,75,85,85,83,73,34.8753283445999,3,0.0138888888888889,0.229166666666667,0.513888888888889,0.486111111111111,0.0571428571428571,17,101.4,0.06273,4.0759,3.0055,"1",17,17.13,"middle SES",1,0.575578275482249,0.17386321174287,0.0302284163975461,-0.0846352213321727,-0.552380047067827,-2.76891547687349,-1.74948642834603,5,5,"17",3,"3",4
"62","SLP3-062",19,2,2,3,2,3,1,0,0,2,1,1,4,0,3,1,2,4,1,3,2,2,4,3,1,1,0,1,0,4,4,4,0,4,0,3,0,2,4,0,4,0,1,1,0,0,1,9,9,4,6,9,1,5,4,8,5,8,5,3,9,5,5,4,3,1,7,2,3,1,1,2,3,2,1,4,3,2,1,7,3,4,3,1,4,5,4,2,3,6,4,3,5,4,1,1,5,2,1,34,5,17,2,10,44,12,8,17,7,85,85,100,50,85,85,63,68,69,81,85,85,81.1666666666667,75.6666666666667,39.4724598483412,3,0.180555555555556,0.479166666666667,0.652777777777778,0.347222222222222,NA,19,67.945,8.47e-10,4.6243,17.763,"1",19,19.42,"high SES",2,0.206559075904642,0.0837123234631014,0.00700775309959091,0.443003084989242,-1.57716882563199,-20.8893204212765,-2.48036907859572,4,3,"19",4,"4",5
"63","SLP3-063",18,1,2,2,2,4,2,1,0,4,1,3,4,0,3,2,2,4,0,1,2,2,4,3,0,3,1,0,1,4,4,0,0,3,0,4,0,2,4,0,4,0,4,3,0,0,2,8,1,4,4,9,7,9,4,6,5,7,5,1,2,6,6,5,3,1,7,4,6,5,1,3,1,2,1,3,2,2,2,7,2,3,1,4,2,5,5,5,2,7,5,6,6,6,1,2,3,6,5,37,6,14,4,13,48,11,12,18,7,85,76,98,46,50,100,63,68,81,69,85,85,77,74,41.6335393365675,3,0.125,0.229166666666667,0.569444444444444,0.430555555555556,0.352941176470588,18,1790000,0.028043,151.21,150.87,"0",18,18.49,"high SES",2,0.500562764830508,0.0287204400598754,0.000824863677232894,0.228722026090151,-0.692022283832558,-3.57401623252451,-3.55014621250044,7,6,"18",3,"3",5
"64","SLP3-064",21,1,2,2,3,2,1,0,0,3,3,2,3,0,3,0,2,3,0,3,3,1,3,1,2,3,0,4,0,4,3,3,0,3,0,4,0,2,4,0,3,0,2,1,0,0,2,9,9,4,5,7,6,5,3,4,6,8,6,3,5,6,7,2,5,1,7,2,5,1,2,1,6,6,2,5,3,7,1,7,4,6,6,5,2,5,6,6,6,7,6,5,6,6,2,2,6,5,4,38,5,17,6,10,40,13,9,14,4,85,76,100,50,85,85,63,68,75,75,89,76,82.8333333333333,71.6666666666667,33.4207591472821,3,0.125,0.354166666666667,0.625,0.375,0.260869565217391,21,62.565,0.088981,1.0504,1.1445,"0",21,21.16,"high SES",2,0.478563943687639,0.279474303105886,0.0781058860965205,0.843916033897215,-0.736965443396324,-2.41933241518683,-1.27484492941188,7,5,"21",4,"4",6
"65","SLP3-065",23,1,1,2,1,2,0,0,0,4,0,3,2,0,3,0,2,4,0,1,0,0,3,2,2,0,0,4,2,3,3,0,1,1,1,4,0,1,3,0,2,0,2,2,0,0,1,9,9,5,5,9,5,5,4,7,6,8,5,2,4,6,7,6,4,1,7,1,5,1,7,2,7,7,1,7,7,7,1,7,4,6,7,5,5,1,6,7,7,7,7,7,7,6,1,2,2,7,4,31,8,7,7,9,30,5,11,11,3,85,85,100,50,85,85,68,58,75,75,85,85,83,73,34.8753283445999,3,0.0694444444444444,0.291666666666667,0.569444444444444,0.430555555555556,0.192307692307692,23,87.515,0.077289,1.6421,4.7535,"0",23,23.62,"high SES",2,0.256754643817625,0.160634397589573,0.025803409688965,1.41072399614642,-1.35963434341347,-2.56020363623144,-1.82862431864986,7,5,"23",5,"5",7
"66","SLP3-066",24,2,3,3,3,3,1,0,0,2,2,2,4,0,2,1,2,4,0,3,3,0,4,1,4,1,1,1,4,4,4,1,0,2,0,3,1,1,4,0,4,0,2,2,0,0,1,9,9,5,5,9,6,5,4,7,5,8,5,3,3,7,7,6,2,2,7,2,4,1,2,3,6,3,3,7,2,2,1,6,2,3,5,2,2,4,2,3,6,6,3,3,3,4,1,1,2,3,3,39,13,12,3,11,43,13,9,18,3,85,85,100,50,85,85,68,58,75,75,85,85,83,73,34.8753283445999,3,0.0138888888888889,0.270833333333333,0.513888888888889,0.486111111111111,0.0487804878048781,24,141.11,0.07329,4.3005,6.3607,"1",24,24.13,"middle SES",1,0.40337860653585,0.143659456734428,0.0206380395092311,1.52823296392979,-0.907879687749207,-2.61333110504438,-1.94030966394901,7,5,"24",5,"5",7
"67","SLP3-067",17,1,2,4,3,4,1,2,1,4,3,4,4,1,4,3,4,4,3,4,3,3,4,4,2,0,0,0,4,0,3,0,0,0,0,2,0,1,0,0,1,0,0,1,0,0,1,9,9,5,5,9,6,5,4,7,5,8,5,3,2,5,4,1,2,3,1,1,3,1,1,1,4,1,1,5,3,1,1,1,1,1,2,1,3,2,2,2,2,4,3,4,3,2,1,1,2,2,5,14,9,0,0,5,69,18,18,19,14,85,85,100,50,85,85,68,58,75,75,85,85,83,73,34.8753283445999,3,0,0.25,0.5,0.5,0,17,92.637,0.083907,1.7895,1,"0",17,17.35,"high SES",2,0.641512815916831,0.246347710228216,0.0606871943346851,-0.0339450783667962,-0.443926117079503,-2.47804623633136,-1.40101128482645,7,5,"17",3,"3",4
"68","SLP3-068",14,2,1,4,3,4,1,4,0,4,2,4,4,2,4,2,4,4,2,1,3,3,4,3,2,0,0,0,1,0,1,0,0,0,0,2,0,2,0,0,2,0,0,2,0,0,1,4,9,4,5,9,6,5,4,7,5,8,5,3,2,3,6,1,4,3,1,1,2,1,1,4,1,1,1,2,1,3,1,1,2,2,2,3,5,5,2,2,3,3,1,2,1,4,1,2,1,5,3,12,4,0,0,8,63,11,20,19,13,85,85,91,28,85,85,63,68,75,75,85,85,80.6666666666667,71,34.4026648549742,3,0,0.25,0.5,0.5,0,14,51.923,0.017637,1.7989,1.6444,"1",14,14.27,"high SES",2,0.522434873522493,0.236962467783666,0.0561512111381248,-0.74360707988206,-0.649254946887967,-4.03775631089391,-1.43985351416988,7,2,"14",2,"2",3
"69","SLP3-069",17,2,1,4,4,4,1,2,2,3,2,3,4,1,1,0,3,4,1,2,3,3,4,3,2,0,0,0,3,3,4,0,0,0,0,4,0,2,0,0,2,0,0,0,0,0,1,9,9,4,5,9,6,5,4,7,5,8,5,3,2,6,5,2,2,2,2,1,4,1,1,2,7,1,2,7,1,3,1,5,2,2,7,2,1,3,4,1,7,4,1,4,6,3,1,1,1,7,7,20,9,3,0,8,55,15,15,19,6,85,85,100,50,85,85,63,68,75,75,85,85,82.1666666666667,74.6666666666667,37.482411427716,3,0,0.25,0.5,0.5,0,17,135.4,0.04322,2.5823,2.2935,"1",17,17.64,"low SES",0,0.529615652815948,0.205908054095994,0.0423981267415986,0.0328737464511992,-0.635603718874754,-3.1414519279034,-1.58032554917145,0,4,"17",3,"3",4
"7","SLP3-007",22,2,2,3,2,3,1,1,1,4,3,3,4,0,3,2,3,4,1,2,4,4,4,4,3,3,0,2,0,3,3,1,0,1,0,4,0,1,2,0,1,0,0,1,0,0,1,8,9,8,3,6,2,9,1,1,9,9,9,1,8,5,1,1,3,1,1,1,6,1,1,1,6,6,1,2,1,1,1,6,2,1,1,1,1,4,5,4,1,4,1,5,5,5,1,1,3,6,1,25,6,10,2,7,58,15,14,19,10,85,85,98,46,85,85,81,26,88,63,91,72,88,62.8333333333333,18.6608180057403,2,0.472222222222222,0.458333333333333,0.972222222222222,0.0277777777777778,NA,22,47.305,0.080369,1,1,"1",22,22.96,"high SES",2,0.5,0.288675134594813,0.0833333333333333,1.25865356725029,-0.693147180559945,-2.52112674928857,-1.242453324894,8,3,"22",5,"5",7
"70","SLP3-070",24,1,2,3,1,4,1,0,0,4,1,3,4,0,3,0,0,4,0,1,2,0,4,4,1,1,0,0,0,4,1,1,0,3,0,4,0,2,4,0,1,0,3,1,0,0,1,9,9,1,5,9,6,6,4,7,5,8,5,3,3,6,6,7,6,1,7,1,7,3,1,6,7,1,5,6,5,1,1,7,4,1,6,3,3,1,7,6,2,7,7,1,4,7,1,3,5,7,1,26,2,13,3,8,41,10,10,18,3,85,85,100,50,85,85,50,100,75,75,85,85,80,80,44.999999999997,3,0.0277777777777778,0.270833333333333,0.527777777777778,0.472222222222222,0.0930232558139535,24,41.554,0.048418,1.8809,1,"0",24,24.31,"low SES",0,0.652886250824395,0.241650914757792,0.0583951646032776,1.5697067172651,-0.426352359635278,-3.02788363357108,-1.42026109523249,6,4,"24",5,"5",7
"71","SLP3-071",24,1,2,4,3,4,1,0,1,4,3,1,4,0,3,0,1,4,0,3,3,2,4,3,1,1,0,2,1,2,1,0,0,0,0,4,0,2,3,0,4,1,2,1,0,0,5,4,6,3,8,2,4,7,3,3,6,5,3,7,6,7,7,1,2,7,7,1,7,1,2,4,5,4,7,7,4,7,1,7,2,4,7,7,4,4,4,5,7,4,6,7,7,7,1,3,3,7,6,25,4,6,4,11,50,16,10,19,5,85,50,91,28,72,91,59,79,56,94,98,54,76.8333333333333,66,30.8064949521099,3,0.319444444444444,0.583333333333333,0.569444444444444,0.430555555555556,NA,24,89.472,0.10356,1.643,1.6722,"0",24,24.87,"high SES",2,0.495596042471042,0.24068703281563,0.0579302477655921,1.69873617208606,-0.701994114587841,-2.2676041240988,-1.42425780845016,5,6,"24",5,"5",7
"72","SLP3-072",17,1,1,3,3,2,0,0,0,2,4,0,4,0,3,2,1,4,1,2,1,2,4,4,1,0,1,0,3,2,4,0,0,1,0,3,0,0,2,0,1,0,1,1,0,0,1,9,9,5,5,9,6,5,4,7,5,8,5,3,3,6,7,1,4,1,7,1,5,1,3,3,5,6,1,7,1,5,1,7,3,5,5,3,1,1,7,7,2,6,7,2,6,6,1,4,2,5,1,20,9,5,1,5,43,14,6,15,8,85,85,100,50,85,85,68,58,75,75,85,85,83,73,34.8753283445999,3,0.0138888888888889,0.270833333333333,0.513888888888889,0.486111111111111,0.0487804878048781,17,33.478,0.065752,1,1.0088,"0",17,17.88,"high SES",2,0.497809637594584,0.288249907679023,0.0830880092769652,0.088172084231609,-0.697537528861238,-2.72186519013594,-1.24392744011395,3,5,"17",3,"3",4
"73","SLP3-073",20,1,2,1,2,3,2,1,2,3,2,3,4,1,3,3,2,4,1,3,4,3,4,2,1,2,0,2,0,2,0,1,0,1,0,2,0,0,2,0,3,0,0,2,0,0,1,9,9,4,5,9,6,5,4,7,5,8,5,5,2,6,7,2,3,1,7,1,6,1,1,1,1,5,5,4,2,1,1,6,3,1,1,2,6,4,6,6,3,4,6,6,2,6,2,2,3,6,2,18,1,8,2,7,55,15,10,19,11,85,85,100,50,85,85,63,68,75,75,85,85,82.1666666666667,74.6666666666667,37.482411427716,3,0.0277777777777778,0.291666666666667,0.472222222222222,0.527777777777778,0.0869565217391304,20,137.89,0.053964,4.9636,6.663,"0",20,20.74,"high SES",2,0.426917585536614,0.139199396362947,0.0193764719478087,0.747143942781497,-0.851164292492948,-2.91943812140557,-1.9718478675643,5,5,"20",4,"4",6
"74","SLP3-074",19,1,3,4,1,3,3,1,0,4,3,2,4,1,4,1,4,4,1,3,3,4,4,4,0,0,1,0,2,3,4,0,0,0,0,4,0,2,0,0,2,0,0,2,0,0,1,9,9,5,5,9,6,5,4,7,5,8,5,3,3,7,6,1,2,1,5,1,6,1,1,4,1,2,1,7,2,6,1,7,3,4,5,4,2,4,4,3,5,6,7,6,6,7,1,2,3,6,3,20,7,3,0,10,61,17,15,18,11,85,85,100,50,85,85,68,58,75,75,85,85,83,73,34.8753283445999,3,0.0138888888888889,0.270833333333333,0.513888888888889,0.486111111111111,0.0487804878048781,19,92.179,0.060603,4.937,4.8936,"0",19,19.72,"high SES",2,0.502207393241511,0.151928592243126,0.0230822971409781,0.512126007214754,-0.688742110659506,-2.8034108821817,-1.88434465639493,5,3,"19",4,"4",5
"75","SLP3-075",17,1,3,4,0,4,3,1,0,4,3,3,4,0,4,2,4,4,0,2,1,3,4,3,0,0,0,0,2,2,4,0,0,0,0,4,0,2,1,0,3,0,2,2,1,0,1,9,9,5,5,9,6,5,4,7,5,8,5,3,3,6,4,1,1,1,2,1,3,1,1,1,1,1,2,6,1,5,1,7,2,1,1,1,1,2,6,5,1,6,5,3,5,6,1,1,3,1,1,23,6,3,3,11,56,14,16,17,9,85,85,100,50,85,85,68,58,75,75,85,85,83,73,34.8753283445999,3,0.0138888888888889,0.270833333333333,0.513888888888889,0.486111111111111,0.0487804878048781,17,70.964,0.043641,4.4768,5.5945,"0",17,17.94,"middle SES",1,0.444510639142911,0.149341202245791,0.0223027946882183,0.101996668676712,-0.810781289234952,-3.1317582035227,-1.90152164301331,7,5,"17",3,"3",4
"76","SLP3-076",21,1,2,3,1,3,2,1,1,2,1,3,4,1,2,2,3,4,1,2,2,2,3,3,0,0,1,0,0,1,2,0,0,0,0,4,0,2,1,0,2,0,1,0,0,1,1,9,9,5,6,8,6,4,3,7,6,7,4,2,4,5,3,2,6,1,2,1,5,1,2,1,4,2,5,7,3,5,1,4,3,1,6,4,5,1,5,5,5,5,5,2,1,7,1,2,2,2,1,15,4,2,1,8,48,12,12,16,8,85,85,100,50,85,85,68,58,69,81,87,81,82.3333333333333,73.3333333333333,35.8160807491533,3,0.111111111111111,0.270833333333333,0.527777777777778,0.472222222222222,0.290909090909091,21,50.292,0.029443,1.5006,2.1772,"0",21,21.16,"middle SES",1,0.408015661536788,0.227233679374348,0.0516351450420038,0.843916033897215,-0.896449719195124,-3.52529908813922,-1.48177636643824,6,4,"21",4,"4",6
"77","SLP3-077",17,1,1,3,1,3,1,1,0,2,3,3,3,1,2,2,3,4,0,1,2,2,4,4,1,0,1,0,1,2,2,0,0,0,0,3,0,1,0,0,1,0,0,0,0,0,1,9,9,1,5,9,6,5,4,7,5,9,5,3,1,6,4,2,2,2,3,2,5,1,2,4,5,3,3,6,2,2,1,6,2,3,6,5,1,5,4,4,6,7,7,7,6,6,2,3,3,6,5,12,5,2,0,5,46,11,12,16,7,85,85,100,50,85,85,50,100,75,75,85,85,80,80,44.999999999997,3,0.0277777777777778,0.208333333333333,0.5,0.5,0.117647058823529,17,40.83,0.032025,1,2.1505,"0",17,17.04,"high SES",2,0.317409934930963,0.22847570726562,0.0522011488105252,-0.105372097999826,-1.14756117039997,-3.44123843119934,-1.47632538823562,3,5,"17",3,"3",4
"78","SLP3-078",17,2,1,3,3,3,2,1,1,4,1,3,3,2,3,1,3,4,2,2,2,2,4,3,4,0,1,0,2,2,3,0,1,0,1,3,0,1,0,0,2,0,1,1,0,0,1,9,9,1,5,9,6,5,4,7,5,8,5,3,3,6,5,1,3,1,3,2,5,1,2,4,6,3,3,6,2,3,1,7,2,3,5,4,1,3,5,4,5,6,4,6,5,5,1,3,3,5,5,22,11,2,2,7,53,13,14,16,10,85,85,100,50,85,85,50,100,75,75,85,85,80,80,44.999999999997,3,0.0138888888888889,0.270833333333333,0.513888888888889,0.486111111111111,0.0487804878048781,17,32.889,0.016987,1,1.3181,"1",17,17.06,"high SES",2,0.431387774470471,0.271892531175558,0.0739255485090519,-0.100763903184792,-0.840747884625511,-4.07530693334496,-1.30234839673328,6,4,"17",3,"3",4
"79","SLP3-079",16,1,3,4,2,4,2,1,0,4,2,3,4,0,4,2,2,4,3,0,3,3,4,4,3,0,3,0,0,2,3,0,0,0,0,4,0,2,0,0,3,0,1,1,0,0,1,9,9,4,5,9,6,5,4,7,5,8,5,3,2,6,7,1,2,1,1,1,1,1,1,1,7,1,2,6,1,1,1,3,1,1,7,1,1,1,3,4,6,3,5,3,6,1,1,1,1,7,2,22,9,2,1,10,58,13,14,19,12,85,85,100,50,85,85,63,68,75,75,85,85,82.1666666666667,74.6666666666667,37.482411427716,3,0,0.25,0.5,0.5,0,16,76.657,0.033569,2.2435,2.2941,"0",16,16.61,"high SES",2,0.494424365303244,0.212462461756457,0.0451402976556141,-0.204448286523061,-0.704361091481716,-3.39415225693552,-1.54898995678006,4,4,"16",3,"3",4
"8","SLP3-008",18,2,2,4,2,4,2,2,0,3,1,2,3,1,4,1,2,3,1,2,2,1,3,3,0,0,0,0,0,0,4,0,0,0,2,4,0,4,0,0,4,0,1,1,0,0,1,9,9,5,5,9,6,5,4,7,5,8,5,3,3,6,5,1,4,1,4,1,7,1,2,5,7,1,2,7,6,5,1,7,4,1,7,3,5,6,7,2,7,7,3,7,6,3,1,1,2,7,2,20,4,0,3,13,48,12,13,15,8,85,85,100,50,85,85,68,58,75,75,85,85,83,73,34.8753283445999,3,0.0138888888888889,0.270833333333333,0.513888888888889,0.486111111111111,0.0487804878048781,18,22.93,0.00026278,1.6429,1.1894,"1",18,18.21,"high SES",2,0.580058609610564,0.252116070728016,0.0635625131193339,0.164207298679673,-0.544626129494289,-8.2441933777506,-1.37786569938642,3,4,"18",3,"3",5
"80","SLP3-080",16,1,1,4,2,1,2,2,1,4,2,3,4,1,3,2,4,4,3,3,2,2,3,3,3,0,0,0,0,2,4,0,0,0,0,3,0,1,0,0,2,0,0,1,0,0,1,9,9,5,5,9,6,5,4,7,6,9,6,2,5,4,6,1,7,1,1,1,4,1,1,1,1,3,4,5,5,5,5,5,5,1,1,1,4,7,4,7,1,1,4,5,5,7,1,7,1,3,1,16,7,2,0,7,56,14,17,14,11,85,85,100,50,85,85,68,58,75,75,85,85,83,73,34.8753283445999,3,0.0972222222222222,0.270833333333333,0.597222222222222,0.402777777777778,0.264150943396226,16,88.219,0.047106,2.3485,3.7958,"0",16,16.49,"high SES",2,0.382224175251859,0.181800339216655,0.0330513633392908,-0.232097455413267,-0.961747996293404,-3.05535489753796,-1.70484623136231,3,4,"16",3,"3",4
"81","SLP3-081",16,2,3,4,4,3,2,2,1,4,3,2,4,1,3,0,2,4,2,3,3,3,4,4,0,0,0,0,1,1,0,0,0,2,0,3,0,2,0,0,2,0,0,0,0,0,1,8,6,4,6,4,6,3,6,8,3,5,4,5,2,5,2,4,4,1,4,1,3,1,1,2,1,1,2,7,1,4,3,4,3,1,4,5,1,5,2,1,2,4,2,1,2,3,1,1,7,3,1,11,1,3,0,7,61,20,14,18,9,85,85,98,46,72,91,63,68,69,81,94,63,80.1666666666667,72.3333333333333,36.5137117755518,3,0.180555555555556,0.375,0.319444444444444,0.680555555555556,NA,16,55.92,0.037332,2.8365,5.9165,"1",16,16.67,"middle SES",1,0.324060322175254,0.149864161387373,0.0224592668683405,-0.190623702077958,-1.12682560096582,-3.28790441127864,-1.89802598593176,4,4,"16",3,"3",4
"82","SLP3-082",22,2,1,2,1,2,1,1,0,4,3,3,4,0,4,2,1,4,2,2,2,3,4,1,4,1,2,4,1,4,4,2,0,4,0,4,0,2,4,0,4,0,3,4,0,0,1,5,9,4,5,9,6,5,5,7,5,7,5,4,2,7,7,2,3,1,7,1,5,1,3,4,7,6,1,7,2,7,1,7,3,3,5,3,1,3,4,3,7,7,3,7,6,5,1,1,3,7,5,47,11,15,7,14,47,9,11,16,11,85,85,93,33,85,85,63,68,75,75,85,85,81,71.8333333333333,35.1570778032053,3,0.0416666666666667,0.3125,0.458333333333333,0.541666666666667,0.117647058823529,22,75.781,0.13431,1.1922,1.7861,"1",22,22.96,"high SES",2,0.40029547057046,0.245646305970063,0.0603421076367378,1.25865356725029,-0.91555232813516,-2.00760471806115,-1.40386255825762,6,3,"22",5,"5",7
"83","SLP3-083",24,2,3,3,4,3,3,1,1,4,3,2,4,0,4,1,2,4,2,4,3,3,4,4,0,0,0,2,0,3,1,0,0,1,0,4,0,1,3,0,3,0,0,1,0,0,1,9,9,5,5,9,5,5,5,5,5,5,5,5,5,3,2,1,2,1,6,1,4,1,2,2,2,3,1,4,1,3,1,5,2,1,1,3,1,4,3,3,1,4,2,4,5,3,1,1,1,1,1,19,1,7,2,9,62,22,12,18,10,85,85,100,50,85,85,68,58,75,75,85,85,83,73,34.8753283445999,3,0.166666666666667,0.5,0.5,0.5,0.25,24,38.279,0.08462,1,1,"1",24,24.97,"low SES",0,0.5,0.288675134594813,0.0833333333333333,1.72177714616123,-0.693147180559945,-2.46958463369022,-1.242453324894,6,4,"24",5,"5",7
"84","SLP3-084",17,1,2,3,0,4,1,0,0,4,1,4,4,0,3,1,3,4,0,3,3,2,4,3,0,0,0,0,1,1,4,0,0,0,0,3,0,2,0,0,4,0,0,1,0,0,1,9,6,5,4,8,5,7,3,7,5,9,6,3,6,5,6,2,3,1,4,1,5,1,1,1,5,1,1,6,2,2,1,4,2,2,1,1,1,3,2,4,1,1,2,6,5,5,1,1,7,4,4,16,5,1,0,10,49,10,14,19,6,85,85,100,50,72,91,68,58,81,69,87,81,82.1666666666667,72.3333333333333,34.7722675889938,3,0.138888888888889,0.3125,0.638888888888889,0.361111111111111,0.307692307692308,17,40693,0.011943,499.61,1017.1,"0",17,17.37,"middle SES",1,0.32940377527675,0.012064253115462,0.000145546203233934,-0.0293368835517621,-1.11047100023339,-4.42760994629585,-4.41750848688044,4,5,"17",3,"3",4
"85","SLP3-085",17,2,2,4,2,3,2,1,0,4,1,1,4,2,4,1,2,4,1,1,3,4,4,3,1,0,0,0,0,3,4,1,0,2,0,4,0,2,0,0,2,0,0,0,0,0,1,8,9,5,5,9,5,5,4,5,5,6,5,3,3,7,7,1,4,5,5,1,5,1,1,4,1,1,2,6,3,1,1,4,5,2,4,2,2,4,6,5,2,6,1,7,2,5,1,1,5,6,1,19,5,6,0,8,53,11,12,18,12,85,85,98,46,85,85,68,58,75,75,85,85,82.6666666666667,72.3333333333333,34.3593802975871,3,0.0833333333333333,0.375,0.527777777777778,0.472222222222222,0.181818181818182,17,45.849,0.022915,1.9937,1.7001,"1",17,17.1,"high SES",2,0.539742270832205,0.230054890987827,0.0529252528674208,-0.0915475135547234,-0.61666352959303,-3.77596356102105,-1.46943734206406,8,5,"17",3,"3",4
"86","SLP3-086",16,2,3,4,3,4,2,3,1,4,3,4,4,3,4,2,4,4,2,3,4,4,4,3,0,0,0,0,2,0,3,0,0,0,0,1,0,1,0,0,4,0,0,0,0,0,2,9,9,5,4,8,5,1,4,7,6,8,6,2,3,3,1,1,4,1,1,1,3,1,1,1,1,1,2,1,3,1,1,1,4,2,1,1,1,2,1,1,1,2,3,2,1,3,1,1,1,1,1,11,5,0,0,6,72,18,19,20,15,85,76,100,50,85,85,68,58,81,69,87,81,84.3333333333333,69.8333333333333,30.0137333464531,3,0.125,0.270833333333333,0.513888888888889,0.486111111111111,0.315789473684211,16,432.57,0.066448,12.411,10.858,"1",16,16.24,"middle SES",1,0.533370578881774,0.101268562681987,0.0102553217876754,-0.289699890601194,-0.628538826457426,-2.71133559209374,-2.28997925466859,2,3,"16",3,"3",4
"87","SLP3-087",13,2,3,4,3,4,2,3,1,4,3,4,4,1,3,1,4,4,2,3,4,3,4,3,0,0,0,0,3,0,2,0,0,0,0,4,0,2,0,0,2,0,0,1,0,0,1,9,8,4,5,8,6,5,4,7,5,8,5,2,3,7,7,1,4,1,1,1,4,1,1,1,3,1,1,7,2,2,1,1,2,2,5,1,2,1,5,1,5,1,1,2,6,2,1,1,2,5,2,14,5,0,0,9,67,18,19,20,10,85,85,100,50,81,87,63,68,75,75,87,81,81.8333333333333,74.3333333333333,37.3942204256157,3,0.0277777777777778,0.25,0.527777777777778,0.472222222222222,0.1,13,53.775,1.78e-09,18.541,15.255,"1",13,13.04,"high SES",2,0.548615220736182,0.0843611944954822,0.00711681113670457,-1.02701106100666,-0.600357956174882,-20.1466524726424,-2.47264776397107,5,3,"13",2,"2",2
"88","SLP3-088",13,1,2,4,3,3,2,1,1,4,1,3,4,1,3,2,3,3,2,1,4,2,4,4,4,0,0,0,1,1,4,0,0,0,0,2,0,1,0,0,1,0,0,1,0,0,3,9,9,5,4,7,5,9,3,3,7,9,6,1,5,5,6,5,4,2,1,1,2,1,1,2,4,1,3,6,3,2,3,1,3,4,3,2,2,4,2,3,4,3,3,4,4,2,1,3,3,3,2,15,9,1,0,5,57,14,15,18,10,85,68,100,50,85,85,68,58,81,69,89,76,84.6666666666667,67.6666666666667,27.0040907027579,3,0.263888888888889,0.333333333333333,0.763888888888889,0.236111111111111,NA,13,136.1,0.061303,7.6402,8.8021,"0",13,13.5,"high SES",2,0.464667351891159,0.119421100483914,0.0142613992407892,-0.921022580260876,-0.766433501672704,-2.79192649759637,-2.12509937266614,7,6,"13",2,"2",2
"89","SLP3-089",16,2,1,3,1,3,1,2,1,3,2,3,3,2,4,0,3,4,1,2,2,2,4,2,0,0,4,1,0,1,4,0,0,0,0,2,0,1,0,0,2,0,0,1,0,0,1,9,9,5,5,8,6,5,4,7,5,8,5,2,3,6,5,1,2,3,5,1,3,1,4,2,5,5,4,7,4,2,1,6,2,4,6,4,5,6,4,4,7,2,5,5,5,6,2,2,1,6,7,16,8,1,1,6,49,10,14,16,9,85,85,100,50,85,85,68,58,75,75,87,81,83.3333333333333,72.3333333333333,33.8220852174917,3,0.0277777777777778,0.25,0.527777777777778,0.472222222222222,0.1,16,39.552,0.086738,1,1,"1",16,16.26,"high SES",2,0.5,0.288675134594813,0.0833333333333333,-0.285091695786159,-0.693147180559945,-2.4448631982537,-1.242453324894,6,3,"16",3,"3",4
"9","SLP3-009",23,1,0,3,0,4,1,0,0,4,1,3,3,0,4,1,0,4,1,2,3,1,4,4,3,1,0,0,1,2,4,0,0,1,1,4,0,2,1,0,1,0,1,3,0,0,1,9,9,5,4,7,5,7,3,5,6,8,6,2,3,3,7,1,2,1,7,1,5,1,2,1,6,2,1,5,1,6,1,7,1,1,1,3,1,2,4,5,1,7,5,3,6,6,1,3,2,5,4,25,8,5,2,10,43,8,10,18,7,85,85,100,50,85,85,68,58,81,69,89,76,84.6666666666667,70.5,30.5977842093322,3,0.138888888888889,0.291666666666667,0.638888888888889,0.361111111111111,0.32258064516129,23,386.67,0.081182,5.1015,5.2928,"0",23,23.19,"low SES",0,0.490797841124462,0.14809916676568,0.0219333631966886,1.31164780762318,-0.711722964841969,-2.51106173126486,-1.90987318388437,2,6,"23",5,"5",7
"90","SLP3-090",12,1,1,4,3,0,0,0,1,3,1,3,3,0,4,0,1,3,0,1,2,1,3,2,1,0,0,0,4,1,4,0,0,0,0,1,0,2,0,0,2,0,0,1,0,0,1,9,9,5,5,9,5,6,3,6,6,9,6,2,4,7,6,1,2,1,1,1,7,1,1,2,6,1,1,2,7,1,1,1,2,1,7,2,4,1,2,2,6,2,3,5,4,3,1,2,2,7,2,16,9,1,0,6,36,9,11,11,5,85,85,100,50,85,85,68,58,75,75,85,85,83,73,34.8753283445999,3,0.138888888888889,0.270833333333333,0.638888888888889,0.361111111111111,0.338983050847458,12,50.969,0.050729,3.0102,2.9321,"0",12,12.64,"high SES",2,0.506571529542433,0.189749570942711,0.0360048996729431,-1.11917495730735,-0.680089742080973,-2.98125753979968,-1.66205012388044,4,6,"12",1,"1",2
"91","SLP3-091",12,2,1,4,3,3,2,2,2,4,2,3,3,2,1,0,3,4,1,1,2,2,4,1,4,0,2,0,2,1,3,0,0,0,0,3,0,2,0,0,1,0,1,2,0,0,1,9,9,5,5,9,6,5,4,7,5,8,5,3,3,5,7,2,2,5,1,1,5,1,1,1,2,1,2,7,2,2,1,1,1,3,5,1,1,2,5,6,5,3,1,1,4,2,1,1,1,7,2,21,11,1,1,8,50,12,16,16,6,85,85,100,50,85,85,68,58,75,75,85,85,83,73,34.8753283445999,3,0.0138888888888889,0.270833333333333,0.513888888888889,0.486111111111111,0.0487804878048781,12,77.081,0.04656,1.8378,3.845,"1",13,13.08,"middle SES",1,0.32339691701274,0.180948793570017,0.0327424658944447,-1.01779467137659,-1.12887486493114,-3.06701347555895,-1.7095411961954,3,3,"13",2,"2",2
"92","SLP3-092",15,1,2,1,1,1,1,2,1,3,4,2,4,1,4,1,3,4,4,3,2,1,4,4,4,0,3,0,0,2,4,1,0,4,0,2,0,4,4,0,2,0,0,0,0,0,5,9,9,5,4,6,5,9,2,4,9,9,6,2,6,5,5,3,4,4,5,2,4,1,3,3,5,4,2,7,3,3,2,7,3,3,5,4,3,4,4,3,4,4,2,5,5,4,1,2,4,4,3,30,11,11,0,8,53,16,11,15,11,85,50,100,50,85,85,68,58,81,69,91,72,85,64,21.8014094863504,2,0.291666666666667,0.333333333333333,0.791666666666667,0.208333333333333,NA,15,67.274,0.048559,1.3785,2.7854,"0",15,15.44,"high SES",2,0.331059823722952,0.207089446880268,0.0428860390091752,-0.474027683202561,-1.1054561836128,-3.02497572552366,-1.57460446851694,2,6,"15",2,"2",3
"93","SLP3-093",17,1,3,2,2,4,3,1,1,3,4,3,2,1,4,1,1,4,1,1,1,2,4,4,4,3,1,4,1,4,4,3,0,4,1,4,2,2,4,0,3,0,2,2,0,0,1,9,9,5,3,9,5,9,1,9,9,9,5,1,9,7,7,6,3,3,7,5,5,1,1,6,6,5,3,7,2,4,1,7,2,3,1,6,1,6,6,2,6,7,6,2,5,4,1,1,5,7,1,48,10,18,7,13,52,18,10,15,9,85,85,100,50,85,85,68,58,88,63,85,85,85.1666666666667,71,30.8438074131428,3,0.333333333333333,0.25,0.777777777777778,0.222222222222222,NA,17,68.671,0.024698,2.3219,3.5145,"0",17,17.37,"high SES",2,0.39783085463642,0.187195217047716,0.0350420492855415,-0.0293368835517621,-0.921728352381547,-3.70103301028651,-1.67560326522383,4,6,"17",3,"3",4
"94","SLP3-094",13,1,1,4,1,1,0,1,0,3,1,3,4,3,3,0,2,4,3,1,2,2,3,2,1,0,0,0,3,1,4,0,0,0,0,2,0,3,0,0,3,0,0,1,0,0,3,6,5,2,7,6,2,7,1,1,6,8,7,3,3,4,4,4,2,2,1,1,3,1,1,1,1,1,3,6,3,2,1,2,1,3,5,2,1,4,3,3,4,1,2,2,2,3,1,1,5,7,2,18,8,1,0,9,44,6,13,14,11,85,68,94,37,68,93,54,89,63,88,91,72,75.8333333333333,74.5,43.482585874985,3,0.263888888888889,0.416666666666667,0.763888888888889,0.236111111111111,NA,13,31.894,0.010229,1,3.9595,"0",13,13.05,"middle SES",1,0.201633229156165,0.164352898260864,0.0270118751667459,-1.02470696359915,-1.60130492920391,-4.58252845550727,-1.80573934434006,9,5,"13",2,"2",2
"95","SLP3-095",15,2,2,4,2,3,1,0,0,4,3,2,3,0,4,1,3,4,1,1,1,3,3,3,1,0,1,0,1,0,3,1,1,2,0,4,0,2,0,0,3,0,3,3,1,1,1,9,9,4,5,9,6,5,4,7,5,9,5,1,1,6,3,2,2,4,1,1,3,1,1,5,4,1,2,6,1,3,1,1,3,4,3,4,1,6,5,6,2,5,2,4,2,1,1,2,3,2,1,27,8,3,4,12,48,12,13,14,9,85,85,100,50,85,85,63,68,75,75,85,85,82.1666666666667,74.6666666666667,37.482411427716,3,0.0555555555555556,0.166666666666667,0.527777777777778,0.472222222222222,0.25,15,40.248,0.081412,1,1,"1",15,15.31,"high SES",2,0.5,0.288675134594813,0.0833333333333333,-0.503980949500283,-0.693147180559945,-2.5082325966915,-1.242453324894,7,5,"15",2,"2",3
"96","SLP3-096",12,1,3,4,3,4,2,2,1,4,1,3,4,0,4,1,4,4,1,1,4,2,4,4,0,0,0,0,1,0,3,0,0,0,0,3,0,1,0,0,2,0,1,1,0,0,2,8,9,5,4,8,5,6,3,6,6,8,6,2,3,6,4,1,3,5,1,1,2,1,1,2,3,1,1,7,3,2,1,1,2,3,6,6,3,2,5,6,5,6,6,5,1,6,2,2,5,1,6,12,4,0,1,7,60,15,17,20,8,85,76,98,46,85,85,68,58,81,69,87,81,84,69.1666666666667,29.4110643248119,3,0.111111111111111,0.270833333333333,0.611111111111111,0.388888888888889,0.290909090909091,12,53.116,0.013783,1,6.3949,"0",12,12.61,"high SES",2,0.135228333040339,0.118025761106937,0.0139300802848718,-1.1260872495299,-2.00079057342089,-4.28431933026984,-2.13685236387804,3,6,"12",1,"1",2
"97","SLP3-097",15,2,1,3,2,4,2,2,2,3,3,2,3,2,3,3,3,4,3,2,3,2,4,3,1,0,1,0,3,1,1,1,0,2,0,3,0,0,0,0,0,0,0,1,0,0,1,9,9,5,5,9,6,5,4,7,5,8,5,1,2,7,6,1,2,1,3,1,6,1,2,1,1,1,1,1,2,1,1,7,2,2,1,2,2,1,6,2,1,5,1,6,1,4,1,1,1,1,1,14,6,4,0,4,59,15,13,18,13,85,85,100,50,85,85,68,58,75,75,85,85,83,73,34.8753283445999,3,0.0277777777777778,0.208333333333333,0.527777777777778,0.472222222222222,0.117647058823529,15,93.091,0.065666,4.7871,4.985,"1",15,15.32,"high SES",2,0.489874233788029,0.152310814454509,0.0231985841997958,-0.501676852092766,-0.713606586560469,-2.72317399124806,-1.88183201402145,3,6,"15",2,"2",3
"98","SLP3-098",12,1,1,4,3,4,2,3,2,4,3,3,4,1,4,3,3,4,1,3,4,3,4,4,4,0,0,0,2,0,4,0,0,0,0,3,1,1,0,0,2,0,0,1,0,0,1,9,9,5,5,9,6,5,4,7,5,8,5,3,3,6,4,1,3,2,1,1,3,1,2,1,2,1,1,2,2,2,1,1,2,1,2,1,2,2,2,2,2,2,2,1,2,2,1,2,3,5,1,18,10,0,0,8,67,18,17,20,12,85,85,100,50,85,85,68,58,75,75,85,85,83,73,34.8753283445999,3,0.0138888888888889,0.270833333333333,0.513888888888889,0.486111111111111,0.0487804878048781,12,102000,0.010941,1054.8,994.45,"0",12,12.1,"high SES",2,0.514724899353422,0.0110376897478989,0.000121830594970873,-1.24359621731327,-0.664122697054009,-4.51523807848748,-4.50643952199721,7,5,"12",1,"1",2
"99","SLP3-099",12,1,2,4,3,3,1,2,1,4,4,4,4,2,4,2,4,4,3,2,3,3,4,4,3,0,0,0,3,0,4,0,0,0,0,2,0,2,0,0,1,0,0,0,0,0,3,7,8,6,3,6,4,8,2,3,7,8,6,3,4,6,5,2,2,3,1,1,2,1,1,1,3,1,3,2,2,2,1,3,1,2,5,3,2,2,2,2,5,2,2,1,4,3,1,1,2,5,4,15,10,0,0,5,67,17,18,18,14,85,68,96,41,81,87,72,47,88,63,91,72,85.5,63,20.1125882890742,2,0.222222222222222,0.375,0.722222222222222,0.277777777777778,NA,12,53.671,0.036147,2.9764,6.0245,"0",12,12.18,"high SES",2,0.33067804330678,0.148764968009086,0.0221310157067443,-1.22516343805313,-1.10661005579558,-3.32016132137289,-1.90538761434762,4,5,"12",1,"1",2
